album_artist,album,track_artist,track,isrc,upc,release_date,provider,baja
Ariel Casco,Acercate,Ariel Casco,Acercate,ARHXW2002103,695845176265.0,20210625.0,fuga,
Ariel Casco,Acercate,Ariel Casco,Acercate,ARHXW2002103,8445162106979.0,20200606.0,altafonte,x
Ciuffi,Te la Vas a Tener Que Tragar,Ciuffi,El Moco,ES71G1921248,8429006412440.0,20100531.0,altafonte,x
Ciuffi,Te la Vas a Tener Que Tragar,Ciuffi,No Regreses,ES71G1921247,8429006412440.0,20100531.0,altafonte,x
Ciuffi,Te la Vas a Tener Que Tragar,Ciuffi,Le Doy a la Que Venga,ES71G1921245,8429006412440.0,20100531.0,altafonte,x
Ciuffi,Te la Vas a Tener Que Tragar,Ciuffi,Te Quiero Como Sos,ES71G1921244,8429006412440.0,20100531.0,altafonte,x
Ciuffi,Te la Vas a Tener Que Tragar,Ciuffi,El Anillo de Cuero,ES71G1921241,8429006412440.0,20100531.0,altafonte,x
Ciuffi,Te la Vas a Tener Que Tragar,Ciuffi,Te la Vas a Tener Que Tragar,ES71G1921240,8429006412440.0,20100531.0,altafonte,x
Ciuffi,Te la Vas a Tener Que Tragar,Ciuffi,La Ladilla,ES71G1921249,8429006412440.0,20090531.0,altafonte,x
Ciuffi,Te la Vas a Tener Que Tragar,Ciuffi,La Ladilla,ES71G1921249,655857944429.0,20210526.0,fuga,
Ciuffi,Te la Vas a Tener Que Tragar,Ciuffi,El Moco,ES71G1921248,655857944429.0,20210526.0,fuga,
Ciuffi,Te la Vas a Tener Que Tragar,Ciuffi,No Regreses,ES71G1921247,655857944429.0,20210526.0,fuga,
Ciuffi,Te la Vas a Tener Que Tragar,Ciuffi,Te la Vas a Tener Que Tragar,ES71G1921246,655857944429.0,20210526.0,fuga,
Ciuffi,Te la Vas a Tener Que Tragar,Ciuffi,Le Doy a la Que Venga,ES71G1921245,655857944429.0,20210526.0,fuga,
Ciuffi,Te la Vas a Tener Que Tragar,Ciuffi,Te Quiero Como Sos,ES71G1921244,655857944429.0,20210526.0,fuga,
Ciuffi,Te la Vas a Tener Que Tragar,Ciuffi,El Anillo de Cuero,ES71G1921241,655857944429.0,20210526.0,fuga,
Ciuffi,Te la Vas a Tener Que Tragar,Ciuffi,Te la Vas a Tener Que Tragar,ES71G1921240,655857944429.0,20210526.0,fuga,
Elias Tom,Barrio y Corazón,Elias Tom,Si Te Preguntan,ARBF32000034,695845169236.0,20210624.0,fuga,
Elias Tom,Barrio y Corazón,Elias Tom,Odisea,ARBF32000033,695845169236.0,20210624.0,fuga,
Elias Tom,Barrio y Corazón,Elias Tom,Mi Loca,ARBF32000031,695845169236.0,20210624.0,fuga,
Elias Tom,Barrio y Corazón,Elias Tom,Lo Que Ves,ARBF32000030,695845169236.0,20210624.0,fuga,
Elias Tom,Barrio y Corazón,Elias Tom,Escapémonos,ARBF32000029,695845169236.0,20210624.0,fuga,
Elias Tom,Barrio y Corazón,Elias Tom,Oh My God,ARBF32000028,695845169236.0,20210624.0,fuga,
Elias Tom,Barrio y Corazón,Elias Tom,Me Mata,ARBF32000027,695845169236.0,20210624.0,fuga,
Elias Tom,Barrio y Corazón,Elias Tom,Pa´ Qué Negar,ARBF32000026,695845169236.0,20210624.0,fuga,
Elias Tom,Barrio y Corazón,Elias Tom,Si Te Preguntan,ARBF32000034,8445162206839.0,20200918.0,altafonte,x
Elias Tom,Barrio y Corazón,Elias Tom,Odisea,ARBF32000033,8445162206839.0,20200918.0,altafonte,x
Elias Tom,Barrio y Corazón,Elias Tom,Mi Loca,ARBF32000031,8445162206839.0,20200918.0,altafonte,x
Elias Tom,Barrio y Corazón,Elias Tom,Lo Que Ves,ARBF32000030,8445162206839.0,20200918.0,altafonte,x
Elias Tom,Barrio y Corazón,Elias Tom,Escapémonos,ARBF32000029,8445162206839.0,20200918.0,altafonte,x
Elias Tom,Barrio y Corazón,Elias Tom,Oh My God,ARBF32000028,8445162206839.0,20200918.0,altafonte,x
Elias Tom,Barrio y Corazón,Elias Tom,Me Mata,ARBF32000027,8445162206839.0,20200918.0,altafonte,x
Elias Tom,Barrio y Corazón,Elias Tom,Pa´ Qué Negar,ARBF32000026,8445162206839.0,20200918.0,altafonte,x
Lily Prince,Tranquila,Lily Prince,Tranquila,ARBF32000018,8445162205832.0,20200918.0,altafonte,x
Lily Prince,Tranquila,Lily Prince,Tranquila,ARBF32000018,695845149535.0,20210623.0,fuga,
Los Totora,Encontrándonos,Los Totora,"Fuego de Noche, Nieve de Día / Vuelve",ES71G1921180,655857944412.0,20210405.0,fuga,
Los Totora,Encontrándonos,Los Totora,Tú Eres Mía,ES71G1921179,655857944412.0,20210405.0,fuga,
Los Totora,Encontrándonos,Los Totora,Mi Amor Prohibido,ES71G1921178,655857944412.0,20210405.0,fuga,
Los Totora,Encontrándonos,Los Totora,Mujeres,ES71G1921177,655857944412.0,20210405.0,fuga,
Los Totora,Encontrándonos,Los Totora,No Sé Mañana,ES71G1921176,655857944412.0,20210405.0,fuga,
Los Totora,Encontrándonos,Los Totora,Ámame,ES71G1921175,655857944412.0,20210405.0,fuga,
Los Totora,Encontrándonos,Los Totora,Dejame Llorar,ES71G1921174,655857944412.0,20210405.0,fuga,
Los Totora,Encontrándonos,Los Totora,Mi Soledad y Yo,ES71G1921173,655857944412.0,20210405.0,fuga,
Los Totora,Encontrándonos,Los Totora,Solo Quiero,ES71G1921172,655857944412.0,20210405.0,fuga,
Los Totora,Encontrándonos,Los Totora,Como Yo Nadie Te Ha Amado,ES71G1921171,655857944412.0,20210405.0,fuga,
Los Totora,Encontrándonos,Los Totora,Tus Alas,ES71G1921170,655857944412.0,20210405.0,fuga,
Los Totora,Encontrándonos,Los Totora,Mientes Tan Bien,ES71G1921169,655857944412.0,20210405.0,fuga,
Los Totora,Encontrándonos,Los Totora,Un Día Sin Ti,ES71G1921168,655857944412.0,20210405.0,fuga,
Los Totora,Encontrándonos,Los Totora,Otra Oportunidad,ES71G1921167,655857944412.0,20210405.0,fuga,
Los Totora,Encontrándonos,Los Totora,Tú Eres Mía,ES71G1921179,8429006412365.0,20110531.0,altafonte,x
Los Totora,Encontrándonos,Los Totora,Mi Amor Prohibido,ES71G1921178,8429006412365.0,20110531.0,altafonte,x
Los Totora,Encontrándonos,Los Totora,Mujeres,ES71G1921177,8429006412365.0,20110531.0,altafonte,x
Los Totora,Encontrándonos,Los Totora,No Sé Mañana,ES71G1921176,8429006412365.0,20110531.0,altafonte,x
Los Totora,Encontrándonos,Los Totora,Ámame,ES71G1921175,8429006412365.0,20110531.0,altafonte,x
Los Totora,Encontrándonos,Los Totora,Dejame Llorar,ES71G1921174,8429006412365.0,20110531.0,altafonte,x
Los Totora,Encontrándonos,Los Totora,Mi Soledad y Yo,ES71G1921173,8429006412365.0,20110531.0,altafonte,x
Los Totora,Encontrándonos,Los Totora,Solo Quiero,ES71G1921172,8429006412365.0,20110531.0,altafonte,x
Los Totora,Encontrándonos,Los Totora,Como Yo Nadie Te Ha Amado,ES71G1921171,8429006412365.0,20110531.0,altafonte,x
Los Totora,Encontrándonos,Los Totora,Tus Alas,ES71G1921170,8429006412365.0,20110531.0,altafonte,x
Los Totora,Encontrándonos,Los Totora,Mientes Tan Bien,ES71G1921169,8429006412365.0,20110531.0,altafonte,x
Los Totora,Encontrándonos,Los Totora,Un Día Sin Ti,ES71G1921168,8429006412365.0,20110531.0,altafonte,x
Los Totora,Encontrándonos,Los Totora,Otra Oportunidad,ES71G1921167,8429006412365.0,20110531.0,altafonte,x
Los Totora,Encontrándonos,Los Totora,"Fuego de Noche, Nieve de Día / Vuelve",ES71G1921180,8429006412365.0,20100531.0,altafonte,x
Mirta Diaz,Padre Mío,Mirta Diaz,Padre Mio,ARBF32000025,695845130496.0,20210621.0,fuga,
Mirta Diaz,Padre Mío,Mirta Diaz,Tu Amor y Mi Amor Crecerá,ARBF32000024,695845130496.0,20210621.0,fuga,
Mirta Diaz,Padre Mío,Mirta Diaz,Tu Iglesia Esta Clamando,ARBF32000023,695845130496.0,20210621.0,fuga,
Mirta Diaz,Padre Mío,Mirta Diaz,"Mi Amigo, Mi Hermano",ARBF32000022,695845130496.0,20210621.0,fuga,
Mirta Diaz,Padre Mío,Mirta Diaz,Como León Rugiente,ARBF32000021,695845130496.0,20210621.0,fuga,
Mirta Diaz,Padre Mío,Mirta Diaz,Yo Te Amo,ARBF32000020,695845130496.0,20210621.0,fuga,
Mirta Diaz,Padre Mío,Mirta Diaz,Tu Amor y Mi Amor Crecerá,ARBF32000024,8445162206037.0,20200925.0,altafonte,x
Mirta Diaz,Padre Mío,Mirta Diaz,Tu Iglesia Esta Clamando,ARBF32000023,8445162206037.0,20200925.0,altafonte,x
Mirta Diaz,Padre Mío,Mirta Diaz,"Mi Amigo, Mi Hermano",ARBF32000022,8445162206037.0,20200925.0,altafonte,x
Mirta Diaz,Padre Mío,Mirta Diaz,Como León Rugiente,ARBF32000021,8445162206037.0,20200925.0,altafonte,x
Mirta Diaz,Padre Mío,Mirta Diaz,Yo Te Amo,ARBF32000020,8445162206037.0,20200925.0,altafonte,x
Mirta Diaz,Padre Mío,Mirta Diaz,Padre Mio,ARBF32000025,8445162206037.0,20200918.0,altafonte,x
Soy Lulu,Puedes Soñar,Soy Lulu,Puedes Soñar,ARBF32000016,695845172403.0,20210629.0,fuga,
Soy Lulu,Puedes Soñar,Soy Lulu,Puedes Soñar,ARBF32000016,8445162204149.0,20200917.0,altafonte,x
