album_artist,album,track_artist,track,isrc,upc,release_date,provider,sello,,
Matias Mareco,Agarrala Cumbion,Matias Mareco,Agarrala Cumbion,QMDA72593655,199538603538.0,2025-08-22 00:00:00,orchard,x,,
Tibbass|JuanmaDj,Yo Soy El Único RKT,Tibbass|JuanmaDj,Yo Soy El Único RKT,QMDA72559621,199538510560.0,2025-08-09 00:00:00,orchard,x,,
DJSNOWS|Nacho Pereira,EP #2,DJSNOWS|Nacho Pereira,REGGAETON RKT,QMDA72531935,199538458701.0,2025-08-07 00:00:00,orchard,,,
DJSNOWS|Nacho Pereira,EP #2,DJSNOWS|Nacho Pereira,MOVIMIENTO RKT,QMDA72531936,199538458701.0,2025-08-07 00:00:00,orchard,,,
DJSNOWS|Nacho Pereira,EP #2,DJSNOWS|Nacho Pereira,LLAMÁNDOME RKT,QMDA72531937,199538458701.0,2025-08-07 00:00:00,orchard,,,
DJSNOWS|Nacho Pereira,EP #2,DJSNOWS|Nacho Pereira,BAILE INOLVIDABLE RKT,QMDA72531938,199538458701.0,2025-08-07 00:00:00,orchard,,,
Tibbass|BLITO RMX,Ponteme Agresiva RKT,Tibbass|BLITO RMX,Ponteme Agresiva RKT,QMDA72531963,199538433302.0,2025-08-02 00:00:00,orchard,x,,
Matias Mareco|EIRON RMX,Baile Inolvidable,Matias Mareco|EIRON RMX,Baile Inolvidable,QMDA72522924,199538433630.0,2025-07-30 00:00:00,orchard,x,,
Juanma Girat,Set Live RKT 3,Juanma Girat,ME LA PASO EN EL CASE,QMDA62597833,199538363494.0,2025-07-24 00:00:00,orchard,,,
Juanma Girat,Set Live RKT 3,Juanma Girat,VOLVI,QMDA62597834,199538363494.0,2025-07-24 00:00:00,orchard,,,
Juanma Girat,Set Live RKT 3,Juanma Girat ft. Tomi Rmx,DEL CASE,QMDA62597835,199538363494.0,2025-07-24 00:00:00,orchard,,,
Juanma Girat,Set Live RKT 3,Juanma Girat ft Eze Remix,CONEJITA RKT,QMDA62597836,199538363494.0,2025-07-24 00:00:00,orchard,,,
Juanma Girat,Set Live RKT 3,Juanma Girat ft. Los Anormales,CHAIN DE ROQUE,QMDA62597837,199538363494.0,2025-07-24 00:00:00,orchard,,,
Juanma Girat,Set Live RKT 3,Juanma Girat,EN LO OSCURO,QMDA62597838,199538363494.0,2025-07-24 00:00:00,orchard,,,
Juanma Girat,Set Live RKT 3,"Juanma Girat ft. DJ Feed, Juan Zapata DJ",A 200,QMDA62597839,199538363494.0,2025-07-24 00:00:00,orchard,,,
Virrshi DJ|DJ Kuff,Ella Lo Baila RKT,Virrshi DJ|DJ Kuff,Ella Lo Baila RKT,QMDA62591912,199538337082.0,2025-07-22 00:00:00,orchard,x,,
DJ Lazerk Rmx|Tomi Rmx,DALE CON LA CORREA,DJ Lazerk Rmx|Tomi Rmx,DALE CON LA CORREA,QMDA62568121,199538273465.0,2025-06-07 00:00:00,orchard,x,,
More Savan|Sergio Ponce,Linda Mujer Techengue,More Savan|Sergio Ponce,Linda Mujer Techengue,QMDA62537862,199538208078.0,2025-07-10 00:00:00,orchard,x,,
More Savan|Sergio Ponce,Me Pongo Bonito Afro,More Savan|Sergio Ponce,Me Pongo Bonito Afro,QMDA62537856,199538203806.0,2025-07-10 00:00:00,orchard,x,,
LAALODJ|Cesar B,Secreto RKT,LAALODJ|Cesar B,Secreto RKT,QMDA62530410,199538233667.0,2025-07-06 00:00:00,orchard,x,,
Joaquín Arce,Dale Zorrinha,Joaquín Arce,Dale Zorrinha,QMDA62529940,199538139617.0,2025-07-03 00:00:00,orchard,,,
Matias Mareco,PRRUM REMIX,Matias Mareco,PRRUM REMIX,QMBZ92536105,199350947056.0,2025-06-07 00:00:00,orchard,x,,
LAALODJ|Gusty dj,Tu Piloto,LAALODJ|Gusty dj,Tu Piloto,QMBZ92510677,199350813795.0,2025-05-29 00:00:00,orchard,x,,
DJ Lazerk Rmx|Matias Mareco,ESTO ES HASTA ABAJO,DJ Lazerk Rmx|Matias Mareco,ESTO ES HASTA ABAJO,QM7282591641,199350827167.0,2025-05-28 00:00:00,orchard,x,,
Tibbass|BRIIAN DJ,Baila Lento RKT,Tibbass|BRIIAN DJ,Baila Lento RKT,QM7282559501,199350739477.0,2025-05-23 00:00:00,orchard,x,,
Matias Mareco,TEMBLEQUE MIX,Matias Mareco,TEMBLEQUE MIX,QM7282559418,199350781407.0,2025-05-22 00:00:00,orchard,x,,
Matias Mareco,Y CUANDO ES,Matias Mareco,Y CUANDO ES,QM7282530685,199350676451.0,2025-05-14 00:00:00,orchard,x,,
FACUU DJ,Tengo Una Cadena RKT,FACUU DJ,Tengo Una Cadena RKT,QM6P42598979,199350595394.0,2025-05-10 00:00:00,orchard,x,,
Virrshi DJ|Damian Escudero DJ,Clima RKT,Virrshi DJ|Damian Escudero DJ,Clima RKT,QM6P42581174,199350583926.0,2025-05-07 00:00:00,orchard,x,,
Matias Mareco|JOEL RMX|EIRON RMX,Hecho por Nosotros|Para los que Sienten como Nosotros,Matias Mareco|JOEL RMX|EIRON RMX,TENGO LA GLOPE,QM6P42547411,199350551581.0,2025-04-30 00:00:00,orchard,x,,
Matias Mareco|JOEL RMX|EIRON RMX,Hecho por Nosotros|Para los que Sienten como Nosotros,Matias Mareco|JOEL RMX|EIRON RMX,PA LAS GIRLAS,QM6P42547412,199350551581.0,2025-04-30 00:00:00,orchard,x,,
Matias Mareco|JOEL RMX|EIRON RMX,Hecho por Nosotros|Para los que Sienten como Nosotros,Matias Mareco|JOEL RMX|EIRON RMX,EL BAJO RETUMBA,QM6P42547413,199350551581.0,2025-04-30 00:00:00,orchard,x,,
Matias Mareco|JOEL RMX|EIRON RMX,Hecho por Nosotros|Para los que Sienten como Nosotros,Matias Mareco|JOEL RMX|EIRON RMX,QUE LAS PUTAS HAGAN,QM6P42547414,199350551581.0,2025-04-30 00:00:00,orchard,x,,
Matias Mareco|JOEL RMX|EIRON RMX,Hecho por Nosotros|Para los que Sienten como Nosotros,Matias Mareco|JOEL RMX|EIRON RMX,TE CANTO BAJITO,QM6P42547415,199350551581.0,2025-04-30 00:00:00,orchard,x,,
Pola DJ,El Unico AfroTech,Pola DJ,El Unico AfroTech,QM6P42537888,199350482236.0,2025-04-23 00:00:00,orchard,,,
Pola DJ,Bipolar Guaratech,Pola DJ,Bipolar Guaratech,QM6P42537858,199350474873.0,2025-04-23 00:00:00,orchard,,,
Pola DJ,B.U.H.O Guaracha,Pola DJ,B.U.H.O Guaracha,QM6P42534818,199350479700.0,2025-04-22 00:00:00,orchard,,,
Tibbass,FOKE RKT,Tibbass,FOKE RKT,QM6P42503131,199350380372.0,2025-04-14 00:00:00,orchard,x,,
Bianca Lif|Vale,Abusal,Bianca Lif|Vale,Abusal,AR5UH2402185,8721215030614.0,2025-03-20 00:00:00,mojo,x,,
Virrshi DJ|Tibbass,La Paso Cabron RKT,Virrshi DJ|Tibbass,La Paso Cabron RKT,ARHXW2500258,8447053331125.0,2025-02-28 00:00:00,orchard,x,,
Virrshi DJ,Mix Rkt #2,Virrshi DJ,Mix Rkt #2,,8447053331989.0,2025-02-28 00:00:00,orchard,x,,
Tibbass,Cobro RKT,Tibbass,Cobro RKT,ARHXW2500257,199093883024.0,2024-12-21 00:00:00,orchard,x,,
Virrshi DJ,Parte y Choke RKT,Virrshi DJ,Parte y Choke RKT,QZW9M2467411,734691897044.0,2024-12-20 00:00:00,onerpm,x,,
FACUU DJ|Tibbass,Es Con las Bred RKT,FACUU DJ|Tibbass,Es Con las Bred RKT,US7VG2579599,790092512474.0,2024-01-24 00:00:00,onerpm,x,,
Dormun,Si Te Dejas Llevar,Dormun,Si Te Dejas Llevar,QZW9M2446956,734691767378.0,2024-12-20 00:00:00,onerpm,x,,
Virrshi DJ,Mix Rkt #1,Virrshi DJ,Mix Rkt #1,QZW9K2488757,734284662011.0,2024-11-05 00:00:00,onerpm,x,,
Alan Gomez|Lucas Rmx|Matias Mareco,Raka Taka Taka (fb),Alan Gomez|Lucas Rmx|Matias Mareco,Raka Taka Taka (fb),ARHXW2002581,655857944481.0,2021-04-27 00:00:00,fuga,x,,
Alan Gomez|Lucas Rmx|Matias Mareco,Raka Taka Taka,Alan Gomez|Lucas Rmx|Matias Mareco,Raka Taka Taka,ARHXW2002581,655857944481.0,2021-04-27 00:00:00,onerpm,x,,
Bianca Lif,Lado a Lado #4 (Live Set),Bianca Lif,Lado a Lado #4 (Live Set),ARDL12400100,8721253116042.0,2024-10-14 00:00:00,mojo,x,,
Bianca Lif,Lado a Lado #3 (Live Set),Bianca Lif,Lado a Lado #3 (Live Set),ARDL12400076,8721093870920.0,2024-09-06 00:00:00,mojo,x,,
Bianca Lif,Este Este Este,Bianca Lif,Este Este Este,ARDL12400071,8721093663355.0,2024-08-15 00:00:00,mojo,x,,
Bianca Lif,Lado a Lado #2 (Live Set),Bianca Lif,Lado A Lado #1 (Live Set),ARDL12400049,8721093538073.0,2024-08-09 00:00:00,mojo,x,,
Bianca Lif,Lado a Lado #1 (Live Set),Bianca Lif,Lado a Lado #2 (Live Set),ARDL12400051,8721093537519.0,2024-08-08 00:00:00,mojo,x,,
Bianca Lif,Es La Que Va,Bianca Lif,Es La Que Va,ARDL12400038,8721093393719.0,2024-06-27 00:00:00,mojo,x,,
Bianca Lif,Cierre,Bianca Lif,Cierre,ARDL12400034,8721093344513.0,2024-06-14 00:00:00,mojo,x,,
Bianca Lif,Gafita Y Chomba,Bianca Lif,Gafita Y Chomba,ARDL12400029,8721093291138.0,2024-06-06 00:00:00,mojo,x,,
Dormun,Tu Gatita,Dormun,Tu Gatita,QZW9K2460160,734284457792.0,2024-10-30 00:00:00,onerpm,x,,
FACUU DJ,LOS DUEÑOS DEL NUEVO PERREO,FACUU DJ|Gusty Dj,PERREO DE CHOQUE,ARDL12400085,8721253044475.0,2024-09-18 00:00:00,fuga,x,,
FACUU DJ,LOS DUEÑOS DEL NUEVO PERREO,FACUU DJ|LAALODJ,ME PIDE CANDY,ARDL12400086,8721253044475.0,2024-09-18 00:00:00,fuga,x,,
FACUU DJ,LOS DUEÑOS DEL NUEVO PERREO,FACUU DJ|Matt Sebastian|DJ Adri Fuentes,PA TI ESTOY,ARDL12400087,8721253044475.0,2024-09-18 00:00:00,fuga,x,,
FACUU DJ,LOS DUEÑOS DEL NUEVO PERREO,FACUU DJ|NAHU IN THE  MIX,DALE PERREA,ARDL12400088,8721253044475.0,2024-09-18 00:00:00,fuga,x,,
FACUU DJ,ME PIDE CANDY RKT,FACUU DJ,ME PIDE CANDY RKT,ARDL12400080,8721093910459.0,2024-09-12 00:00:00,fuga,x,,
FACUU DJ|Alaan fonseca DJ,Yo Tengo Una Gata RKT,FACUU DJ|Alaan fonseca DJ,Yo Tengo Una Gata RKT,ARDL12400043,8721093448198.0,2024-07-05 00:00:00,fuga,x,,
FACUU DJ,Por La Ex No Se Llora Rkt,FACUU DJ,Por La Ex No Se Llora Rkt,ARDL12400070,8721093655428.0,2024-08-18 00:00:00,fuga|onerpm,x,,
FACUU DJ,Donde Te Pillemos Tarara Tarara Rkt,FACUU DJ,Donde Te Pillemos Tarara Tarara Rkt,ARDL12400069,8721093655398.0,2024-08-15 00:00:00,fuga|onerpm,x,,
FACUU DJ,Intocable Rkt,FACUU DJ,Intocable Rkt,ARDL12400068,8721093655350.0,2024-08-15 00:00:00,fuga|onerpm,x,,
FACUU DJ,No Soy Tu Noviecito Rkt,FACUU DJ,No Soy Tu Noviecito Rkt,ARDL12400067,8721093655305.0,2024-08-15 00:00:00,fuga|onerpm,x,,
FACUU DJ,Municiones Rkt,FACUU DJ|DJ Pirata,Municiones Rkt,ARDL12400064,8721093647935.0,2024-08-15 00:00:00,fuga|onerpm,x,,
FACUU DJ,Intro Cierre + Rkt Punky,FACUU DJ,Intro Cierre + Rkt Punky,ARDL12400063,8721093647904.0,2024-08-15 00:00:00,fuga|onerpm,x,,
FACUU DJ,Mas Lentito Mas Lentito RKT,FACUU DJ,Mas Lentito Mas Lentito RKT,ARDL12400062,8721093647874.0,2024-08-15 00:00:00,fuga|onerpm,x,,
FACUU DJ,Corte Gangster (Perreo Rkt),FACUU DJ,Corte Gangster (Perreo Rkt),ARDL12400061,8721093647843.0,2024-08-15 00:00:00,fuga|onerpm,x,,
FACUU DJ|Mambo DJ,Pegate Para La Pared,FACUU DJ|Mambo DJ,Pegate Para La Pared,ARDL12400065,8721093647928.0,2024-08-15 00:00:00,fuga|onerpm,x,,
FACUU DJ|Papu DJ,Diabolica Rkt,FACUU DJ|Papu DJ,Diabolica Rkt,ARDL12400066,8721093647966.0,2024-08-15 00:00:00,fuga|onerpm,x,,
FACUU DJ,Set Live Rkt #1 (Edición Tiktok),FACUU DJ,Set Live Rkt #1 (Edición Tiktok),QZW9K2433080,734284249328.0,2024-06-18 00:00:00,onerpm,x,,
FACUU DJ|Dj Gaby|Tomy Dj,Sacudime El 38 Rkt,FACUU DJ|Dj Gaby|Tomy Dj,Sacudime El 38 Rkt,QZW9K2433079,734284249311.0,2022-10-21 00:00:00,onerpm,x,,
FACUU DJ|elaggume,Toma Chukulum,FACUU DJ|elaggume,Toma Chukulum,QZW9K2430311,734284230524.0,2022-11-23 00:00:00,onerpm,x,,
FACUU DJ,Intro Yo Estoy Soltero + Me Escape Rkt,FACUU DJ,Intro Yo Estoy Soltero + Me Escape Rkt,QZW9K2430295,734284230401.0,2024-01-06 00:00:00,onerpm,x,,
FACUU DJ,Por La Ex No Se Llora RKT,FACUU DJ,Por La Ex No Se Llora RKT,QZW9K2432959,734284248376.0,2024-01-31 00:00:00,onerpm,x,,
FACUU DJ,Intro Pajaritos en el Aire + Corazón Vacio,FACUU DJ,Intro Pajaritos en el Aire + Corazón Vacio,QZW9K2430312,734284230531.0,2024-01-06 00:00:00,onerpm,x,,
LAALODJ,Ponte En 4 Que Yo Te Aviso,LAALODJ,Ponte En 4 Que Yo Te Aviso,ARDL12400035,8721093344797.0,2024-06-13 00:00:00,fuga,x,,
LAALODJ|FACUU DJ,Tengo Una Notita RKT,LAALODJ|FACUU DJ,Tengo Una Notita RKT,ARDL12400037,8721093379041.0,2024-06-21 00:00:00,fuga|onerpm,x,,
LAALODJ|Matt Sebastian,Dale Menea Mueveme Esa Cola,LAALODJ|Matt Sebastian,Dale Menea Mueveme Esa Cola,ARDL12400040,8721093442424.0,2024-07-04 00:00:00,fuga|onerpm,x,,
Matias Mareco,AHORA EN EL BAILE EMPIEZA EL PERREO,Matias Mareco,AHORA EN EL BAILE EMPIEZA EL PERREO,ARDL12400055,8721093609919.0,2024-08-08 00:00:00,fuga|onerpm,x,,
Matias Mareco,YO SE QUE TU QUIERES PERREO,Matias Mareco,YO SE QUE TU QUIERES PERREO,ARDL12400053,8721093571438.0,2024-08-01 00:00:00,fuga|onerpm,x,,
Matias Mareco,Only Nueva Escuela,Matias Mareco,Only Nueva Escuela,ARDL12400032,8721093334163.0,2024-06-13 00:00:00,fuga|onerpm,x,,
Matias Mareco,100% Perreo,Matias Mareco,100% Perreo,ARBF32000012,695845187292.0,2021-06-25 00:00:00,fuga|onerpm,x,,
Matias Mareco,Mega Bombea,Matias Mareco,Mega Bombea,ARBF32000047,695845124334.0,2021-06-21 00:00:00,fuga|onerpm,x,,
Matias Mareco|EIRON RMX,Luna al Perreo,Matias Mareco|EIRON RMX,Luna al Perreo,QZW9K2433070,734284249250.0,2024-08-08 00:00:00,onerpm,x,,
Matias Mareco|EIRON RMX|Joel RMX,La Mano en la Tet*,Matias Mareco|EIRON RMX|Joel RMX,La Mano en la Tet*,QZW9K2461984,734284469061.0,2024-10-31 00:00:00,onerpm,x,,
Matias Mareco|Joel RMX,Sobrepasando los Niveles Musicales,Matias Mareco,Sobrepasando los Niveles Musicales,ARBF32000014,695845175961.0,2021-06-24 00:00:00,fuga|onerpm,x,,
GUSTY DJ,Mega 1: Bad Bunny,GUSTY DJ,Mega 1: Bad Bunny,QZNJX2264120,718123976620.0,2022-07-21 00:00:00,onerpm,x,,
Sergio Ponce,Aqui Estoy Fiesta Reggaeton,Sergio Ponce,Aqui Estoy Fiesta Reggaeton,QZHN72529287,199079395855.0,2025-07-02 00:00:00,orchard,,,
Sergio Ponce,Atrevida Tech,Sergio Ponce,Atrevida Tech,QZHNC2571016,199343403545.0,2025-07-03 00:00:00,orchard,,,
Sergio Ponce,Bikini Tech,Sergio Ponce,Bikini Tech,QZHN72529223,199079396791.0,2025-07-05 00:00:00,orchard,,,
Sergio Ponce,Buchona,Sergio Ponce,Buchona,QZK6H2536822,199339356633.0,2025-07-06 00:00:00,orchard,,,
Sergio Ponce,Capaz Tech,Sergio Ponce,Capaz Tech,QZHN72530586,199079396425.0,2025-07-07 00:00:00,orchard,,,
Sergio Ponce,CARNET,Sergio Ponce,CARNET,QZTB82454477,198661858587.0,2025-07-08 00:00:00,orchard,,,
Sergio Ponce,Cartier,Sergio Ponce,Cartier,QZTB72573982,199518537457.0,2025-07-09 00:00:00,orchard,,,
Sergio Ponce featuring Santi Sparano,Chica Good,Sergio Ponce featuring Santi Sparano,Chica Good,QZTAZ2517813,199521937541.0,2025-07-10 00:00:00,orchard,,,
Sergio Ponce featuring Uri dj,Colocartelo Tech,Sergio Ponce featuring Uri dj,Colocartelo Tech,QZFYX2534604,199091767616.0,2025-07-11 00:00:00,orchard,,,
Sergio Ponce,DEGENERE,Sergio Ponce,DEGENERE,QZZ7L2401128,198876364354.0,2025-07-12 00:00:00,orchard,,,
Sergio Ponce featuring DJ Pucho PA,DEPORTIVO TECH,Sergio Ponce featuring DJ Pucho PA,DEPORTIVO TECH,QZZ7V2475668,199095708233.0,2025-07-13 00:00:00,orchard,,,
Sergio Ponce,DOBLEXXO,Sergio Ponce,DOBLEXXO,QZZ7P2477452,199098982289.0,2025-07-14 00:00:00,orchard,,,
Sergio Ponce featuring BRIIAN DJ,DOS PEINE,Sergio Ponce featuring BRIIAN DJ,DOS PEINE,QZFZ32526658,199089877273.0,2025-07-15 00:00:00,orchard,,,
Sergio Ponce,El Makinon Tech,Sergio Ponce,El Makinon Tech,QZHNC2572527,199343402548.0,2025-07-17 00:00:00,orchard,,,
Sergio Ponce featuring Aniasko DJ,El Mayor De Los Ranas,Sergio Ponce featuring Aniasko DJ,El Mayor De Los Ranas,QZTAZ2536272,199521791617.0,2025-07-31 00:00:00,orchard,,,
Sergio Ponce,ELLA QUIERE GUARACHITA,Sergio Ponce,ELLA QUIERE GUARACHITA,QZWFL2406153,198885475706.0,2025-07-18 00:00:00,orchard,,,
Sergio Ponce featuring ROLO DJ,Ella Quiere Mmm,Sergio Ponce featuring ROLO DJ,Ella Quiere Mmm,QZWFG2469643,198887032709.0,2025-07-19 00:00:00,orchard,,,
Sergio Ponce,Encima De Mi 2K25,Sergio Ponce,Encima De Mi 2K25,QZHN42510124,199081077220.0,2025-07-20 00:00:00,orchard,,,
Sergio Ponce,Es Normal,Sergio Ponce,Es Normal,QZTBE2469932,198889368776.0,2025-07-29 00:00:00,orchard,,,
Sergio Ponce,Ese Sonidito 2K25,Sergio Ponce,Ese Sonidito 2K25,QZDA72582863,199085793935.0,2025-07-22 00:00:00,orchard,,,
Sergio Ponce,ESTE O ESTE?,Sergio Ponce,ESTE O ESTE?,QZTB82452621,198662090900.0,2025-07-23 00:00:00,orchard,,,
Sergio Ponce featuring PEPPE DJ,Frikitona,Sergio Ponce featuring PEPPE DJ,Frikitona,QZWFG2480328,198886985341.0,2025-07-27 00:00:00,orchard,,,
Sergio Ponce,Guaracha Mafia 2K25,Sergio Ponce,Guaracha Mafia 2K25,QZES52502481,199085215031.0,2025-07-25 00:00:00,orchard,,,
Sergio Ponce,Hay Lupita,Sergio Ponce,Hay Lupita,QZWFL2408326,198885472798.0,2025-07-26 00:00:00,orchard,,,
Sergio Ponce,HAY QUE BUENO,Sergio Ponce,HAY QUE BUENO,QZTBA2482108,198891284194.0,2025-07-04 00:00:00,orchard,,,
Sergio Ponce,Loca,Sergio Ponce,Loca,QZTB92462446,198887998920.0,2025-07-28 00:00:00,orchard,,,
Sergio Ponce,Los Illuminaty,Sergio Ponce,Los Illuminaty,QZNWZ2509596,199330491326.0,2025-07-28 00:00:00,orchard,,,
Sergio Ponce featuring DJ Pucho PA,Mambinho Brasileño Aftermix,Sergio Ponce featuring DJ Pucho PA,Mambinho Brasileño Aftermix,QZTBE2558136,199515083377.0,2025-07-29 00:00:00,orchard,,,
Sergio Ponce,Mi Niña Bonita,Sergio Ponce,Mi Niña Bonita,QZFZ62560573,199088575569.0,2025-08-01 00:00:00,orchard,,,
Sergio Ponce,Monedas Mexicanas,Sergio Ponce,Monedas Mexicanas,QZTBC2461789,198890510942.0,2025-08-02 00:00:00,orchard,,,
Sergio Ponce,Nena Fichu ElectroTech,Sergio Ponce,Nena Fichu ElectroTech,QZHN42578159,199080753538.0,2025-08-03 00:00:00,orchard,,,
Sergio Ponce,No Se Ve,Sergio Ponce,No Se Ve,QZWFS2440996,198881754362.0,2025-08-04 00:00:00,orchard,,,
Sergio Ponce,Noche De Ladronaje Techengue,Sergio Ponce,Noche De Ladronaje Techengue,QZHN42512374,199081150282.0,2025-08-05 00:00:00,orchard,,,
Sergio Ponce,Nos Comemos,Sergio Ponce,Nos Comemos,QZWFG2472281,198887031368.0,2025-07-30 00:00:00,orchard,,,
Sergio Ponce,Ojos Que No Ven,Sergio Ponce,Ojos Que No Ven,QZTB32523146,199520843829.0,2025-08-08 00:00:00,orchard,,,
Sergio Ponce,PA LA CALLE RKTECH,Sergio Ponce,PA LA CALLE RKTECH,QZTB32523220,199520843089.0,2025-08-09 00:00:00,orchard,,,
Sergio Ponce,PA LAS GIRLAS RKTECH,Sergio Ponce,PA LAS GIRLAS RKTECH,QZWFL2593342,199510851322.0,2025-08-10 00:00:00,orchard,,,
Sergio Ponce,Parece Sincera,Sergio Ponce,Parece Sincera,QZTAX2598688,199522480787.0,2025-08-12 00:00:00,orchard,,,
Sergio Ponce,PERDIDAMENTE,Sergio Ponce,PERDIDAMENTE,QZWFT2428285,198881492660.0,2025-08-13 00:00:00,orchard,,,
Sergio Ponce,Sexo Seguro,Sergio Ponce,Sexo Seguro,QZMEP2596283,199336394454.0,2025-08-18 00:00:00,orchard,,,
Sergio Ponce,Simpatica Tech,Sergio Ponce,Simpatica Tech,QZTB92460986,198887716913.0,2025-08-19 00:00:00,orchard,,,
Sergio Ponce,SIN SENTIMIENTOS,Sergio Ponce,SIN SENTIMIENTOS,QZTBB2444684,198890936988.0,2025-08-21 00:00:00,orchard,,,
Sergio Ponce,Subelo ElectroTech,Sergio Ponce,Subelo ElectroTech,QZMEP2596312,199336393952.0,2025-07-22 00:00:00,orchard,,,
Sergio Ponce,TE GUSTA EL TECHENGUE,Sergio Ponce,TE GUSTA EL TECHENGUE,QZHN72530588,199079395602.0,2025-07-23 00:00:00,orchard,,,
Sergio Ponce,TENGO UNA CADENA,Sergio Ponce,TENGO UNA CADENA,QZTB42573198,199520092425.0,2025-07-24 00:00:00,orchard,,,
Sergio Ponce,Terapia De Choque,Sergio Ponce,Terapia De Choque,QZTBB2448297,198890918069.0,2025-07-31 00:00:00,orchard,,,
Sergio Ponce,Tirándose Un Pas3,Sergio Ponce,Tirándose Un Pas3,QZK6N2529285,199342038731.0,2025-08-17 00:00:00,orchard,,,
Sergio Ponce,VAINA MOVIE,Sergio Ponce,VAINA MOVIE,QZZ7T2445040,199096908342.0,2025-07-25 00:00:00,orchard,,,
Sergio Ponce,Vitamina,Sergio Ponce,Vitamina,QZMEP2596377,199336393082.0,2025-07-26 00:00:00,orchard,,,
DJSNOWS|Nacho Pereira,BONUS TRACK EP #2,DJSNOWS|Nacho Pereira|Adriel Garcia,AZOTE EN 4,QMFME2520966,199538687835.0,2025-09-04 00:00:00,orchard,,,
DJSNOWS|Nacho Pereira,BONUS TRACK EP #2,DJSNOWS|Nacho Pereira,PAPASITO,QMFME2520975,199538687835.0,2025-09-04 00:00:00,orchard,,,
DJSNOWS|Nacho Pereira,BONUS TRACK EP #2,DJSNOWS|Nacho Pereira|Adriel Garcia,COQUETA,QMFME2520974,199538687835.0,2025-09-04 00:00:00,orchard,,,
LAALODJ,HACELA CORTA MOROCHO,LAALODJ,HACELA CORTA MOROCHO,QMFME2547127,199538806328.0,2025-09-12 00:00:00,orchard,x,,
G-nabrÿ,MALDITO,G-nabrÿ,MALDITO,QMFME2544487,199538798852.0,2025-09-11 00:00:00,orchard,,,
G-nabrÿ,MALDITO,G-nabrÿ,MALDITO,QMFME2544488,199538798852.0,2025-09-11 00:00:00,orchard,,,
G-nabrÿ,MALDITO,G-nabrÿ,MALDITO,QMFME2544489,199538798852.0,2025-09-11 00:00:00,orchard,,,
G-nabrÿ,MALDITO,G-nabrÿ,MALDITO,QMFME2544490,199538798852.0,2025-09-11 00:00:00,orchard,,,
Tibbass,Mas Rksxx Que Imagen,Tibbass,ESA FIGURA RKT,QMFMF2515585,199806052730.0,2025-10-03 00:00:00,orchard,x,,
Tibbass,Mas Rksxx Que Imagen,Tibbass,5 MINUTOS vs OLD NAVY RKT,QMFMF2515586,199806052730.0,2025-10-03 00:00:00,orchard,x,,
Tibbass,Mas Rksxx Que Imagen,Tibbass,SOBREDOXIXX RKT,QMFMF2515587,199806052730.0,2025-10-03 00:00:00,orchard,x,,
Tibbass,Mas Rksxx Que Imagen,Tibbass,QUE PASA RKT,QMFMF2515588,199806052730.0,2025-10-03 00:00:00,orchard,x,,
Tibbass,Mas Rksxx Que Imagen,Tibbass,MI GATITA RKSXX,QMFMF2515589,199806052730.0,2025-10-03 00:00:00,orchard,x,,
Tibbass|BENJA RODRIGUEZ DJ,Webcam RKT,Tibbass|BENJA RODRIGUEZ DJ,Webcam RKT,QMFMF2541488,199806128831.0,2025-10-13 00:00:00,orchard,x,,
LAALODJ|Los Anormales,Todo Ke Ver,LAALODJ|Los Anormales,Todo Ke Ver,QMFMF2558509,199806159088.0,2025-10-16 00:00:00,orchard,x,,
Pola DJ,MEGA TALIBAN,Pola DJ,MEGA TALIBAN,QMFMF2580179,199806235003.0,2025-10-23 00:00:00,orchard,,,
LAALODJ|ELAM MIX,Que Lo Que Pide Esa Gata,LAALODJ|ELAM MIX,Que Lo Que Pide Esa Gata,QMFMF2584345,199806239476.0,2025-10-24 00:00:00,orchard,x,,
Matias Mareco,Por Una Cabeza,Matias Mareco,Por Una Cabeza,QMFMF2599323,199806248362.0,2025-10-29 00:00:00,orchard,x,,
Joaquín Arce|DJ Feed|Fede Tarifeño|Falcone,lolly funk,Joaquín Arce|DJ Feed|Fede Tarifeño|Falcone,lolly funk,QMFMG2511421,199806377017.0,2025-11-03 00:00:00,orchard,,,
DJSNOWS|Nacho Pereira|LAALODJ,la fiesta empezó,DJSNOWS|Nacho Pereira|LAALODJ,la fiesta empezó,QMFMG2520274,199806347805.0,2025-11-05 00:00:00,orchard,x,,
Bianca Lif,Somos 3,Bianca Lif,Somos 3,ARDL12400081,8721093959632.0,2024-09-20 00:00:00,fuga,x,,
Bianca Lif|Alan Gomez,VAI DANZA,Bianca Lif|Alan Gomez,VAI DANZA,ARDL12400074,8721093809234.0,2024-08-24 00:00:00,orchard,x,,
Eze Greco|DIMELO GABBO,ADICTIVA RKT,Eze Greco|DIMELO GABBO,ADICTIVA RKT,QMFMG2598626,199806599204.0,2025-12-03 00:00:00,orchard,,,
Sossa|DJ TRA RKT,CON UNA CUBANA RKT,Sossa|DJ TRA RKT,CON UNA CUBANA RKT,US6R22553422,199806720486.0,2025-12-13 00:00:00,orchard,,,
Tomi Rmx,QUE LA NOTA TE SUBA,Tomi Rmx,QUE LA NOTA TE SUBA,US6R22583327,199806829967.0,2025-12-26 00:00:00,orchard,,,
Eze Remix featuring sheafiell,ENRola UN BaTe VIP,Eze Remix featuring sheafiell,ENRola UN BaTe VIP,US6R22595517,199806856635.0,2025-12-30 00:00:00,orchard,,,
Eze Remix,cOmO mUevE,Eze Remix,cOmO mUevE,US6R22595524,199806864661.0,2025-12-30 00:00:00,orchard,,,
Eze Remix,DaDDYrKt,Eze Remix,DaDDYrKt,US6R22595526,199806833322.0,2025-12-30 00:00:00,orchard,,,
"Eze Greco, Tomi Rmx, Ventu",Amanece RKT,"Eze Greco, Tomi Rmx, Ventu",Amanece RKT,QM4TW2614789,199806903124.0,2026-01-09 00:00:00,orchard,,,
Titan 13|Tomi Rmx|Juanma Girat,TITAN 13 - Caserio session #1,Titan 13|Tomi Rmx|Juanma Girat,TITAN 13 - Caserio session #1,QM4TW2628257,199806947036.0,2026-01-14 00:00:00,orchard,,,
DJSNOWS|Nacho Pereira,INTRO AY VAMOS RKT,DJSNOWS|Nacho Pereira,INTRO AY VAMOS RKT,QM4TW2630668,199806967171.0,2026-01-15 00:00:00,orchard,,,
DJSNOWS|Nacho Pereira,PASO SOLITA X RELACION RKT,DJSNOWS|Nacho Pereira,PASO SOLITA X RELACION RKT,QM4TW2630608,199806966884.0,2026-01-15 00:00:00,orchard,,,
DJSNOWS|Nacho Pereira,TU TA DEMASIADO LOCA RKT,DJSNOWS|Nacho Pereira,TU TA DEMASIADO LOCA RKT,QM4TW2630601,199806967447.0,2026-01-15 00:00:00,orchard,,,
DJSNOWS|Nacho Pereira|Adri Fuentes,PIDE LO QUE TU QUIERAS X TIKI TIKI RKT,DJSNOWS|Nacho Pereira|Adri Fuentes,PIDE LO QUE TU QUIERAS X TIKI TIKI RKT,QM4TW2630591,199806985304.0,2026-01-15 00:00:00,orchard,,,
DJSNOWS|Nacho Pereira,BESOS MOJADOS RKT,DJSNOWS|Nacho Pereira,BESOS MOJADOS RKT,QM4TW2628287,199806947371.0,2026-01-15 00:00:00,orchard,,,
DJSNOWS|sheafiell|Nacho Pereira,INTRO TU JARDÍN CON ENANITOS RKT,DJSNOWS|sheafiell|Nacho Pereira,INTRO TU JARDÍN CON ENANITOS RKT,QM4TW2628286,199806947562.0,2026-01-15 00:00:00,orchard,,,
DJSNOWS|TOTI|Nacho Pereira,LA LLEVO PA EL ESPACIO RKT,DJSNOWS|TOTI|Nacho Pereira,LA LLEVO PA EL ESPACIO RKT,QM4TW2630567,199806974391.0,2026-01-15 00:00:00,orchard,,,
Tibbass,SACATE LA ROPAXX RKT,Tibbass,SACATE LA ROPAXX RKT,QM4TW2635732,199806983584.0,2026-01-15 00:00:00,orchard,,,
Matías Mareco|JOEL RMX|EIRON RMX,CHAMAQUITA VEN,Matías Mareco|JOEL RMX|EIRON RMX,CHAMAQUITA VEN,QM4TW2658292,820200037565.0,2026-01-17 00:00:00,orchard,,,
Matías Mareco|JOEL RMX|EIRON RMX,TREMENDA SATA,Matías Mareco|JOEL RMX|EIRON RMX,TREMENDA SATA,QM4TW2658290,820200055316.0,2026-01-17 00:00:00,orchard,,,
Tibbass|BRIIAN DJ,DE DIA Y DE NOCHE RKT,Tibbass|BRIIAN DJ,DE DIA Y DE NOCHE RKT,QM4TW2662442,820200082268.0,2026-01-22 00:00:00,orchard,,,
Tomi Rmx|Bruno Chavez Dj|NAHU IN THE MIX,TE LO DOY RKT,Tomi Rmx|Bruno Chavez Dj|NAHU IN THE MIX,TE LO DOY RKT,QM4TW2669527,820200077585.0,2026-01-16 00:00:00,orchard,,,
Sossa|Ventu,POR ATRAS,Sossa|Ventu,POR ATRAS,QM4TW2684704,820200176370.0,2026-01-29 00:00:00,orchard,,,
Tibbass|UZI RMX|Sketchy RMX,Esta Noche Rksxx,Tibbass|UZI RMX|Sketchy RMX,Esta Noche Rksxx,QM4TW2684738,820200103451.0,2026-01-30 00:00:00,orchard,,,
"TOTI, Falcone, Benja Garcia",GASOLINA,"TOTI, Falcone, Benja Garcia",GASOLINA,,820200264862.0,2026-01-05 00:00:00,orchard,,,
"TOTI, LuisinhoDJ, Falcone, Benja Garcia",MORENA JOGANDO,"TOTI, LuisinhoDJ, Falcone, Benja Garcia",MORENA JOGANDO,,820200264435.0,2026-01-05 00:00:00,orchard,,,
"MemeDj, Benja Garcia",FUNK: BATA BATA,"MemeDj, Benja Garcia",FUNK: BATA BATA,QM4TX2616730,820200202420.0,2026-01-05 00:00:00,orchard,,,
"Falcone, Benja Garcia",HEY MAMA FUNK,"Falcone, Benja Garcia",HEY MAMA FUNK,,820200171078.0,2026-01-05 00:00:00,orchard,,,
TOTI|Facu Infante Ar,LA DEL CONTROL FUNK,TOTI|Facu Infante Ar,LA DEL CONTROL FUNK,,820200159755.0,2026-01-05 00:00:00,orchard,,,
TOTI|sheafiell|Falcone,FUNK: ANTES QUE SALGA EL SOL,TOTI|sheafiell|Falcone,FUNK: ANTES QUE SALGA EL SOL,QM4TX2613931,820200192899.0,2026-01-05 00:00:00,orchard,,,
TOTI|Falcone|Benja Garcia,LEAN ON FUNK,TOTI|Falcone|Benja Garcia,LEAN ON FUNK,QM4TX2613905,820200177049.0,2026-01-05 00:00:00,orchard,,,
TOTI|Tomi Rmx,MOVEMENTO BR,TOTI|Tomi Rmx,MOVEMENTO BR,QM4TX2613398,820200226211.0,2026-01-05 00:00:00,orchard,,,
DJSNOWS|Nacho Pereira,NO PARE RKT,DJSNOWS|Nacho Pereira,NO PARE RKT,QM4TX2631268,820200283702.0,2026-02-05 00:00:00,orchard,,,
DJSNOWS|Nacho Pereira,MÉTELO SÁCALO RKT,DJSNOWS|Nacho Pereira,MÉTELO SÁCALO RKT,QM4TX2631277,820200222237.0,2026-02-05 00:00:00,orchard,,,
DJSNOWS|Nacho Pereira,ELLA FUMA RKT,DJSNOWS|Nacho Pereira,ELLA FUMA RKT,QM4TX2631282,820200248749.0,2026-02-09 00:00:00,orchard,,,
DJSNOWS|Nacho Pereira|DJ Adri Fuentes,PIERDO LA CABEZA RKT,DJSNOWS|Nacho Pereira|DJ Adri Fuentes,PIERDO LA CABEZA RKT,QM4TX2632416,820200279910.0,2026-02-09 00:00:00,orchard,,,
Matias Mareco|JOEL RMX,Amor de Colegio,Matias Mareco|JOEL RMX,Amor de Colegio,QM6MZ2672868,820200753687.0,2026-03-15 00:00:00,orchard,,,
G-nabrÿ,Gotham,G-nabrÿ,Ping Pong,QM6MZ2684024,820200722966.0,2026-03-18 00:00:00,orchard,,,
G-nabrÿ,Gotham,G-nabrÿ|sheafiell|Ventu,Me le pego,QM6MZ2684025,820200722966.0,2026-03-18 00:00:00,orchard,,,
G-nabrÿ,Gotham,G-nabrÿ|sheafiell|Ibanxo,Aprovecha,QM6MZ2684026,820200722966.0,2026-03-18 00:00:00,orchard,,,
G-nabrÿ,Gotham,G-nabrÿ|DJ Feed,Que no se acabe el perreo,QM6MZ2684027,820200722966.0,2026-03-18 00:00:00,orchard,,,
G-nabrÿ,Gotham,G-nabrÿ,Bailoteo,QM6MZ2684028,820200722966.0,2026-03-18 00:00:00,orchard,,,
G-nabrÿ,Gotham,G-nabrÿ|Nubrio,Ginza,QM6MZ2684029,820200722966.0,2026-03-18 00:00:00,orchard,,,
Mambo DJ featuring Tomi Rmx,ESCUELITA PA QUE APRENDAN,Mambo DJ featuring Tomi Rmx,ESCUELITA PA QUE APRENDAN,QM6N22601297,820200871633.0,2026-03-24 00:00:00,orchard,,,
FACUU DJ|More Savan,Las Muñequitas RKT,FACUU DJ|More Savan,Las Muñequitas RKT,QM6N22623284,820200862242.0,2026-03-31 00:00:00,orchard,,,
TOTI|Befo|Falcone,Filho Do Funk,TOTI|Befo|Falcone,Filho Do Funk,QM6N22631264,820200949325.0,2026-04-02 00:00:00,orchard,,,
Matias Mareco|Ventu|EIRON RMX|JOEL RMX,Para Que Lo Bailen De Verdad,Matias Mareco|Ventu|EIRON RMX|JOEL RMX,EGOISTA RKT,QM6P42619024,820233134316.0,2026-04-17 00:00:00,orchard,,,
Matias Mareco|Ventu|EIRON RMX|JOEL RMX,Para Que Lo Bailen De Verdad,Matias Mareco|Ventu|EIRON RMX|JOEL RMX,LA PREGUNTA RKT,QM6P42619025,820233134316.0,2026-04-17 00:00:00,orchard,,,
Matias Mareco|Ventu|EIRON RMX|JOEL RMX,Para Que Lo Bailen De Verdad,Matias Mareco|Ventu|EIRON RMX|JOEL RMX,SI TU CUERPO ME PIDE RKT,QM6P42619026,820233134316.0,2026-04-17 00:00:00,orchard,,,
DJ Lazerk Rmx,OLHA EXPLOSAO RKT,DJ Lazerk Rmx,OLHA EXPLOSAO RKT,QM6P42642608,820233138970.0,2026-04-23 00:00:00,orchard,,,
Tibbass|Gio Deejay,ORNAH,Tibbass|Gio Deejay,ORNAH,QM6P42643306,820233141680.0,2026-04-25 00:00:00,orchard,,,
LAALODJ|ELAM MXI|Simo Viani,PROBLEMON REMIX,LAALODJ|ELAM MXI|Simo Viani,PROBLEMON REMIX,QM6P42649228,820233141253.0,2026-04-24 00:00:00,orchard,,,
Matias Mareco|EIRON RMX,La Gerencia,Matias Mareco|EIRON RMX,La Gerencia,QM6P42688088,820233335133.0,2026-05-07 00:00:00,orchard,,,
Sossa|Fede Tarifeño,Tú me piensas RKT,Sossa|Fede Tarifeño,Tú me piensas RKT,QM6P42693902,820233338271.0,2025-04-24 00:00:00,orchard,,,
Sossa|Fede Tarifeño,Forni VIP,Sossa|Fede Tarifeño,Forni VIP,QM6P42693810,820233335638.0,2025-04-24 00:00:00,orchard,,,
Sossa|Fede Tarifeño,Cuatro K RKT,Sossa|Fede Tarifeño,Cuatro K RKT,QM6P42693790,820233334655.0,2025-04-24 00:00:00,orchard,,,
Sossa|Fede Tarifeño,Sábanas mojadas RKT,Sossa|Fede Tarifeño,Sábanas mojadas RKT,QM6P42693686,820233334525.0,2025-04-24 00:00:00,orchard,,,
Sossa|Fede Tarifeño,Scandic RKT,Sossa|Fede Tarifeño,Scandic RKT,QM6P42693668,820233334532.0,2025-04-24 00:00:00,orchard,,,
Matias Mareco,BIEN POLNO OLD,Matias Mareco,BIEN POLNO OLD,QM7282615430,820233398732.0,2025-05-13 00:00:00,orchard,,,
Tibbass,TU PIEL RKSXX,Tibbass,TU PIEL RKSXX,QM7282623610,820233508056.0,2026-05-15 00:00:00,orchard,,,
Juanma Girat,EL BOOTY,Juanma Girat,EL BOOTY,QM7282632623,820233535571.0,2026-05-20 00:00:00,orchard,,,
G-nabrÿ,Si no le contesto,G-nabrÿ,Si no le contesto,QM7282634962,820233424264.0,2026-05-20 00:00:00,orchard,,,
G-nabrÿ,La Fórmuila,G-nabrÿ,La Fórmuila,QM7282634950,820233534741.0,2026-05-20 00:00:00,orchard,,,
Tibbass,VEN CONMIGO RKT,Tibbass,VEN CONMIGO RKT,QM7282667568,820233636070.0,2026-05-02 00:00:00,orchard,,,
Sergio Ponce,SI ESTÁS HERIDAX,Sergio Ponce,SI ESTÁS HERIDAX,QM7282681345,820233565929.0,2026-06-03 00:00:00,orchard,,,
G-nabrÿ,Noche de sexo,G-nabrÿ,Noche de sexo,QMBZ92608479,820233709408.0,2026-06-10 00:00:00,orchard,,,
Juanma Girat,TODAS LAS BABYS,Juanma Girat,TODAS LAS BABYS,QMBZ92608916,820233652933.0,2026-06-11 00:00:00,orchard,,,
Tibbass|DJ JERE CIAN|COSTA DJ,LAKESISHI RKT,Tibbass|DJ JERE CIAN|COSTA DJ,LAKESISHI RKT,QMBZ92613309,820233710374.0,2026-06-05 00:00:00,orchard,,,
Sergio Ponce,AFLOJALO,Sergio Ponce,AFLOJALO,QMBZ92640707,820233844550.0,2026-06-17 00:00:00,orchard,,,
LAALODJ|Fede Tarifeño,LA CALLE ME LLAMA RKT,LAALODJ|Fede Tarifeño,LA CALLE ME LLAMA RKT,QMBZ92656367,820233827928.0,2026-06-23 00:00:00,orchard,,,
Sergio Ponce,AL RITMO DE TAKA TAKA,Sergio Ponce,AL RITMO DE TAKA TAKA,QMBZ92656803,820233866682.0,2026-06-23 00:00:00,orchard,,,
Dura DJ|Gutti Ezequiel,Trumpet Club,Dura DJ|Gutti Ezequiel,Trumpet Club,QMBZ92665832,820233876650.0,2026-07-02 00:00:00,orchard,,,
Tibbass|BRIIAN DJ,MEGA RD RKT,Tibbass|BRIIAN DJ,MEGA RD RKT,QMBZ92665824,820233876643.0,2026-06-27 00:00:00,orchard,,,
G-nabrÿ,Pump it x La despedida,G-nabrÿ,Pump it x La despedida,QMBZ92665799,820233938259.0,2026-06-30 00:00:00,orchard,,,
Joaquín Arce,INTRO MEGA FUNK 67,Joaquín Arce,INTRO MEGA FUNK 67,QMBZ92676026,820233922883.0,2026-07-03 00:00:00,orchard,,,
Joaquin Arce|Fede Tarifeño,444 X CAILE FUNK,Joaquin Arce|Fede Tarifeño,444 X CAILE FUNK,QMBZ92676047,820233901512.0,2026-07-03 00:00:00,orchard,,,
Joaquín Arce,Joaquin Arce Pal Caserio,Joaquín Arce,Joaquin Arce Pal Caserio,QMBZ92676043,820233901796.0,2026-07-03 00:00:00,orchard,,,
Juanma Girat,Si Ella Quisiera,Juanma Girat,Si Ella Quisiera,QMBZ92688455,820233981644.0,2026-07-09 00:00:00,orchard,,,
FACUU DJ|Gusty Dj|Ventu,DONDE TE PILLEMOS TARARA TARARA 2.0,FACUU DJ|Gusty Dj|Ventu,DONDE TE PILLEMOS TARARA TARARA 2.0,QMBZ92688855,885288012798.0,2026-07-09 00:00:00,orchard,,,
Dura DJ|Maate DJ,Intro Explota tu Joda,Dura DJ|Maate DJ,Intro Explota tu Joda,QMBZ92691528,820233959315.0,2026-07-16 00:00:00,orchard,,,
Tibbass|Emi Gavirondo|Mateo Giuricich,BAILALO RKSXX,Tibbass|Emi Gavirondo|Mateo Giuricich,BAILALO RKSXX,QMDA62637271,885288101980.0,2026-07-30 00:00:00,orchard,,,
Eze Greco|Tomi Rmx|Fede Tarifeño|ELAM MIX,Murda RKT,Eze Greco|Tomi Rmx|Fede Tarifeño|ELAM MIX,Murda RKT,QMDA62637322,885288133219.0,2026-07-24 00:00:00,orchard,,,
Sossa|Fede Tarifeño|Ventu|ZALO DJ,TA KBRON RKT,Sossa|Fede Tarifeño|Ventu|ZALO DJ,TA KBRON RKT,QMDA62637314,885288115758.0,2026-07-24 00:00:00,orchard,,,
EIRON RMX,PA LA GATA,EIRON RMX,PA LA GATA,QMDA62641345,885288107463.0,2026-07-31 00:00:00,orchard,,,
EIRON RMX,YO LE PREGUNTE,EIRON RMX,YO LE PREGUNTE,QMDA62641357,885288179057.0,2026-07-31 00:00:00,orchard,,,
FACUU DJ,"RKT, VOL. 5",FACUUDJ|ELAM MIX,Guadalupe,QMDA62665760,885288180794.0,2026-08-01 00:00:00,orchard,,,
FACUU DJ,"RKT, VOL. 6",FACUUDJ|ELAM MIX|Tomi Rmx,Shokka,QMDA62665761,885288180794.0,2026-08-01 00:00:00,orchard,,,
FACUU DJ,"RKT, VOL. 7",FACUUDJ|More Savan,Forevel tu Gantel,QMDA62665762,885288180794.0,2026-08-01 00:00:00,orchard,,,
FACUU DJ,"RKT, VOL. 8",FACUUDJ,De Lejitos Rkt,QMDA62665763,885288180794.0,2026-08-01 00:00:00,orchard,,,
FACUU DJ,"RKT, VOL. 9",FACUUDJ|lebrondfloyd,Desde la disco paso al vip,QMDA62665764,885288180794.0,2026-08-01 00:00:00,orchard,,,
FACUU DJ,"RKT, VOL. 10",FACUUDJ|Papu DJ,Mega Br,QMDA62665765,885288180794.0,2026-08-01 00:00:00,orchard,,,
JOEL RMX,BAILANDO CUMBIA RKT,JOEL RMX,BAILANDO CUMBIA RKT,QMDA62682059,885288197174.0,2026-08-07 00:00:00,orchard,,,
JOEL RMX,PERREO MAYOR QUE YO,JOEL RMX,PERREO MAYOR QUE YO,QMDA62682064,885288233810.0,2026-08-07 00:00:00,orchard,,,
Sergio Ponce,TRANQUILO,Sergio Ponce,TRANQUILO,QMDA72602982,885288322293.0,2026-08-08 00:00:00,orchard,,,
EIRON RMX|FACU PIAZZA,SABADO DIRTY,EIRON RMX|FACU PIAZZA,SABADO DIRTY,QMDA72603410,885288302912.0,2026-08-15 00:00:00,orchard,,,
DJ Adri Fuentes,Dos Palgas,DJ Adri Fuentes,Dos Palgas,QMDA72616044,885288322736.0,2026-08-13 00:00:00,orchard,,,
Tibbass,EL RKSXX ESTÁ CONTROLANDO EL MUNDO,Tibbass,EL CREADOR RKSXX,QMDA72616236,885288310672.0,2026-08-15 00:00:00,orchard,,,
Tibbass,EL RKSXX ESTÁ CONTROLANDO EL MUNDO,Tibbass,PANAMERA RKSXX,QMDA72616237,885288310672.0,2026-08-15 00:00:00,orchard,,,
Tibbass,EL RKSXX ESTÁ CONTROLANDO EL MUNDO,Tibbass,X TI RKT,QMDA72616238,885288310672.0,2026-08-15 00:00:00,orchard,,,
Tibbass,EL RKSXX ESTÁ CONTROLANDO EL MUNDO,Tibbass,BAD RKSXX,QMDA72616239,885288310672.0,2026-08-15 00:00:00,orchard,,,
Joaquín Arce,ELE CHEGO,Joaquín Arce,ELE CHEGO,QMDA72624714,885288319620.0,2026-08-20 00:00:00,orchard,,,
JOEL RMX,A LO OSCURO RKT,JOEL RMX,A LO OSCURO RKT,QMDA72635007,885288367614.0,2026-08-27 00:00:00,orchard,,,
EIRON RMX|UZI RMX,HASTA EL AMANECER RKT,EIRON RMX|UZI RMX,HASTA EL AMANECER RKT,QMDA72645825,885288395884.0,2026-08-28 00:00:00,orchard,,,
JOEL RMX,MEGA FRANCO EL GORILA RKT,JOEL RMX,MEGA FRANCO EL GORILA RKT,QMDA72665170,885288473773.0,2026-09-04 00:00:00,orchard,,,
Matias Mareco|UZI RMX,EGOISTA RKT,Matias Mareco|UZI RMX,EGOISTA RKT,QMDA72666263,885288454062.0,2026-09-04 00:00:00,orchard,,,
DJ Lazerk Rmx,Qué Le Pasa a mi Ex,DJ Lazerk Rmx,Qué Le Pasa a mi Ex,QM4TX2667570,820200416285.0,2026-02-20 00:00:00,orchard,,,
