TITULO,ALBUM,ARTISTA,ISRC,SELLO,TITULAR DERECHO,PERÍODO,AÑO DE PUBLICACIÓN,ENVIO A MONITOREO,CAPIF
La Chica de la Moto,Tangos a Dos Flautas y Guitarra,La Banda Al Rojo Vivo,ARA821400315,Rgs Music,MAWZ MUSIC S.R.L (100%),01/01/2019 - 31/12/2099,2014.0,SI,SI
Fuiste Tu,Fenix,La Banda Al Rojo Vivo,ARA821400316,Rgs Music / Cohen,MAWZ MUSIC S.R.L (100%),01/01/2019 - 31/12/2099,2014.0,SI,SI
Amor Secreto,Fenix,La Banda Al Rojo Vivo,ARA821400317,Rgs Music / Cohen,MAWZ MUSIC S.R.L (100%),01/01/2019 - 31/12/2099,2014.0,SI,SI
Va Todo al Ganador,Fenix,La Banda Al Rojo Vivo,ARA821400318,Rgs Music / Cohen,MAWZ MUSIC S.R.L (100%),01/01/2019 - 31/12/2099,2014.0,SI,SI
Tan Solo Tu,Fenix,La Banda Al Rojo Vivo,ARA821400319,Rgs Music / Cohen,MAWZ MUSIC S.R.L (100%),01/01/2019 - 31/12/2099,2014.0,SI,SI
Tu Sin Mi,Fenix,La Banda Al Rojo Vivo,ARA821400320,Rgs Music / Cohen,MAWZ MUSIC S.R.L (100%),01/01/2019 - 31/12/2099,2014.0,SI,SI
Amor de Mañana,Fenix,La Banda Al Rojo Vivo,ARA821400321,Rgs Music / Cohen,MAWZ MUSIC S.R.L (100%),01/01/2019 - 31/12/2099,2014.0,SI,SI
Ya No Me Duele,Fenix,La Banda Al Rojo Vivo,ARA821400322,Rgs Music / Cohen,MAWZ MUSIC S.R.L (100%),01/01/2019 - 31/12/2099,2014.0,SI,SI
Que Par de Pájaros,Fenix,La Banda Al Rojo Vivo,ARA821400323,Rgs Music / Cohen,MAWZ MUSIC S.R.L (100%),01/01/2019 - 31/12/2099,2014.0,SI,SI
Ahora Quiere Volver,Fenix,La Banda Al Rojo Vivo,ARA821400324,Rgs Music / Cohen,MAWZ MUSIC S.R.L (100%),01/01/2019 - 31/12/2099,2014.0,SI,SI
Once y Media,Fenix,La Banda Al Rojo Vivo,ARA821400325,Rgs Music / Cohen,MAWZ MUSIC S.R.L (100%),01/01/2019 - 31/12/2099,2014.0,SI,SI
Conmigo o Con El,Fenix,La Banda Al Rojo Vivo,ARA821400326,Rgs Music / Cohen,MAWZ MUSIC S.R.L (100%),01/01/2019 - 31/12/2099,2014.0,SI,SI
Te Perdí,Fenix,La Banda Al Rojo Vivo,ARA821400327,Rgs Music / Cohen,MAWZ MUSIC S.R.L (100%),01/01/2019 - 31/12/2099,2014.0,SI,SI
No Pude Quitarle las Espinas,Fenix,La Banda Al Rojo Vivo,ARA821400328,Rgs Music / Cohen,MAWZ MUSIC S.R.L (100%),01/01/2019 - 31/12/2099,2014.0,SI,SI
Un Poco de Respeto,Fenix,La Banda Al Rojo Vivo,ARA821400329,Rgs Music / Cohen,MAWZ MUSIC S.R.L (100%),01/01/2019 - 31/12/2099,2014.0,SI,SI
Cumbia Que Adora,Cumbia Que Adora,A Precio de Sangre,ARBF32000036,"ALTAFONTE NETWORK, S.L.",MAWZ MUSIC S.R.L (100%),31/03/2025 - 31/12/2099,2020.0,SI,SI
Digno,Cumbia Que Adora,A Precio de Sangre,ARBF32000037,"ALTAFONTE NETWORK, S.L.",MAWZ MUSIC S.R.L (100%),31/03/2025 - 31/12/2099,2020.0,SI,SI
Hay Libertad,Cumbia Que Adora,A Precio de Sangre,ARBF32000038,"ALTAFONTE NETWORK, S.L.",MAWZ MUSIC S.R.L (100%),31/03/2025 - 31/12/2099,2020.0,SI,SI
Una Esperanza,Cumbia Que Adora,A Precio de Sangre,ARBF32000039,"ALTAFONTE NETWORK, S.L.",MAWZ MUSIC S.R.L (100%),31/03/2025 - 31/12/2099,2020.0,SI,SI
No Llores Más,Cumbia Que Adora,A Precio de Sangre,ARBF32000040,"ALTAFONTE NETWORK, S.L.",MAWZ MUSIC S.R.L (100%),31/03/2025 - 31/12/2099,2020.0,SI,SI
Mi Mejor Adoración,Cumbia Que Adora,A Precio de Sangre,ARBF32000041,"ALTAFONTE NETWORK, S.L.",MAWZ MUSIC S.R.L (100%),31/03/2025 - 31/12/2099,2020.0,SI,SI
Me Seduces,Cumbia Que Adora,A Precio de Sangre,ARBF32000042,"ALTAFONTE NETWORK, S.L.",MAWZ MUSIC S.R.L (100%),31/03/2025 - 31/12/2099,2020.0,SI,SI
Creo en Tí,Cumbia Que Adora,A Precio de Sangre,ARBF32000043,"ALTAFONTE NETWORK, S.L.",MAWZ MUSIC S.R.L (100%),31/03/2025 - 31/12/2099,2020.0,SI,SI
Abre los Cielos,Cumbia Que Adora,A Precio de Sangre,ARBF32000044,"ALTAFONTE NETWORK, S.L.",MAWZ MUSIC S.R.L (100%),31/03/2025 - 31/12/2099,2020.0,SI,SI
Loco por Vos,Cumbia Que Adora,A Precio de Sangre,ARBF32000045,"ALTAFONTE NETWORK, S.L.",MAWZ MUSIC S.R.L (100%),31/03/2025 - 31/12/2099,2020.0,SI,SI
Yo Te Amo,Padre Mío,Mirta Diaz,ARBF32000020,"ALTAFONTE NETWORK, S.L.",MAWZ MUSIC S.R.L (100%),31/03/2025 - 31/12/2099,2020.0,SI,SI
Como León Rugiente,Padre Mío,Mirta Diaz,ARBF32000021,"ALTAFONTE NETWORK, S.L.",MAWZ MUSIC S.R.L (100%),31/03/2025 - 31/12/2099,2020.0,SI,SI
"Mi Amigo, Mi Hermano",Padre Mío,Mirta Diaz,ARBF32000022,"ALTAFONTE NETWORK, S.L.",MAWZ MUSIC S.R.L (100%),31/03/2025 - 31/12/2099,2020.0,SI,SI
Tu Iglesia Esta Clamando,Padre Mío,Mirta Diaz,ARBF32000023,"ALTAFONTE NETWORK, S.L.",MAWZ MUSIC S.R.L (100%),31/03/2025 - 31/12/2099,2020.0,SI,SI
Tu Amor y Mi Amor Crecerá,Padre Mío,Mirta Diaz,ARBF32000024,"ALTAFONTE NETWORK, S.L.",MAWZ MUSIC S.R.L (100%),31/03/2025 - 31/12/2099,2020.0,SI,SI
Padre Mio,Padre Mío,Mirta Diaz,ARBF32000025,"ALTAFONTE NETWORK, S.L.",MAWZ MUSIC S.R.L (100%),31/03/2025 - 31/12/2099,2020.0,SI,SI
Pa´ Qué Negar,Barrio y Corazón,Elias Tom,ARBF32000026,"ALTAFONTE NETWORK, S.L.",MAWZ MUSIC S.R.L (100%),31/03/2025 - 31/12/2099,2020.0,SI,SI
Me Mata,Barrio y Corazón,Elias Tom,ARBF32000027,"ALTAFONTE NETWORK, S.L.",MAWZ MUSIC S.R.L (100%),31/03/2025 - 31/12/2099,2020.0,SI,SI
Oh My God,Barrio y Corazón,Elias Tom,ARBF32000028,"ALTAFONTE NETWORK, S.L.",MAWZ MUSIC S.R.L (100%),31/03/2025 - 31/12/2099,2020.0,SI,SI
Escapémonos,Barrio y Corazón,Elias Tom,ARBF32000029,"ALTAFONTE NETWORK, S.L.",MAWZ MUSIC S.R.L (100%),31/03/2025 - 31/12/2099,2020.0,SI,SI
Lo Que Ves,Barrio y Corazón,Elias Tom,ARBF32000030,"ALTAFONTE NETWORK, S.L.",MAWZ MUSIC S.R.L (100%),31/03/2025 - 31/12/2099,2020.0,SI,SI
Mi Loca,Barrio y Corazón,Elias Tom,ARBF32000031,"ALTAFONTE NETWORK, S.L.",MAWZ MUSIC S.R.L (100%),31/03/2025 - 31/12/2099,2020.0,SI,SI
Ya Está Bien,Barrio y Corazón,Elias Tom,ARBF32000032,"ALTAFONTE NETWORK, S.L.",MAWZ MUSIC S.R.L (100%),31/03/2025 - 31/12/2099,2020.0,SI,SI
Odisea,Barrio y Corazón,Elias Tom,ARBF32000033,"ALTAFONTE NETWORK, S.L.",MAWZ MUSIC S.R.L (100%),31/03/2025 - 31/12/2099,2020.0,SI,SI
Si Te Preguntan,Barrio y Corazón,Elias Tom,ARBF32000034,"ALTAFONTE NETWORK, S.L.",MAWZ MUSIC S.R.L (100%),31/03/2025 - 31/12/2099,2020.0,SI,SI
No Insistas,Barrio y Corazón,Claudio Magno,ARBF32000035,"ALTAFONTE NETWORK, S.L.",MAWZ MUSIC S.R.L (100%),31/03/2025 - 31/12/2099,2020.0,SI,SI
La Tiene Chiquitita,Te la Vas a Tener Que Tragar,Ciuffi,ES71G1921242,"ALTAFONTE NETWORK, S.L.",MAWZ MUSIC S.R.L (100%),31/03/2025 - 31/12/2099,2010.0,SI,SI
La Bailarina de América,Te la Vas a Tener Que Tragar,Ciuffi,ES71G1921243,"ALTAFONTE NETWORK, S.L.",MAWZ MUSIC S.R.L (100%),31/03/2025 - 31/12/2099,2010.0,SI,SI
Te Quiero Como Sos,Te la Vas a Tener Que Tragar,Ciuffi,ES71G1921244,"ALTAFONTE NETWORK, S.L.",MAWZ MUSIC S.R.L (100%),31/03/2025 - 31/12/2099,2010.0,SI,SI
Le Doy a la Que Venga,Te la Vas a Tener Que Tragar,Ciuffi,ES71G1921245,"ALTAFONTE NETWORK, S.L.",MAWZ MUSIC S.R.L (100%),31/03/2025 - 31/12/2099,2010.0,SI,SI
No Regreses,Te la Vas a Tener Que Tragar,Ciuffi,ES71G1921247,"ALTAFONTE NETWORK, S.L.",MAWZ MUSIC S.R.L (100%),31/03/2025 - 31/12/2099,2010.0,SI,SI
La Ladilla,Te la Vas a Tener Que Tragar,Ciuffi,ES71G1921249,"ALTAFONTE NETWORK, S.L.",MAWZ MUSIC S.R.L (100%),31/03/2025 - 31/12/2099,2010.0,SI,SI
Te la Vas a Tener Que Tragar,Te la Vas a Tener Que Tragar,Ciuffi,ES71G1921246,"ALTAFONTE NETWORK, S.L.",MAWZ MUSIC S.R.L (100%),31/03/2025 - 31/12/2099,2010.0,SI,SI
Otra Oportunidad,Encontrándonos,Los Totora,ES71G1921167,"ALTAFONTE NETWORK, S.L.",MAWZ MUSIC S.R.L (100%),31/03/2025 - 31/12/2099,2011.0,SI,SI
Un Día Sin Ti,Encontrándonos,Los Totora,ES71G1921168,"ALTAFONTE NETWORK, S.L.",MAWZ MUSIC S.R.L (100%),31/03/2025 - 31/12/2099,2011.0,SI,SI
Mientes Tan Bien,Encontrándonos,Los Totora,ES71G1921169,"ALTAFONTE NETWORK, S.L.",MAWZ MUSIC S.R.L (100%),31/03/2025 - 31/12/2099,2011.0,SI,SI
Tus Alas,Encontrándonos,Los Totora,ES71G1921170,"ALTAFONTE NETWORK, S.L.",MAWZ MUSIC S.R.L (100%),31/03/2025 - 31/12/2099,2011.0,SI,SI
Como Yo Nadie Te Ha Amado,Encontrándonos,Los Totora,ES71G1921171,"ALTAFONTE NETWORK, S.L.",MAWZ MUSIC S.R.L (100%),31/03/2025 - 31/12/2099,2011.0,SI,SI
Solo Quiero,Encontrándonos,Los Totora,ES71G1921172,"ALTAFONTE NETWORK, S.L.",MAWZ MUSIC S.R.L (100%),31/03/2025 - 31/12/2099,2011.0,SI,SI
Mi Soledad y Yo,Encontrándonos,Los Totora,ES71G1921173,"ALTAFONTE NETWORK, S.L.",MAWZ MUSIC S.R.L (100%),31/03/2025 - 31/12/2099,2011.0,SI,SI
Mi Amor Prohibido,Encontrándonos,Los Totora,ES71G1921178,"ALTAFONTE NETWORK, S.L.",MAWZ MUSIC S.R.L (100%),31/03/2025 - 31/12/2099,2011.0,SI,SI
Ámame,Encontrándonos,Los Totora,ES71G1921175,"ALTAFONTE NETWORK, S.L.",MAWZ MUSIC S.R.L (100%),31/03/2025 - 31/12/2099,2011.0,SI,SI
Tu Cárcel,Y Ahora... Vivo (En Vivo),Los Totora,ES71G1921143,"ALTAFONTE NETWORK, S.L.",MAWZ MUSIC S.R.L (100%),31/03/2025 - 31/12/2099,2012.0,SI,SI
Mientes Tan Bien,Y Ahora... Vivo (En Vivo),Los Totora,ES71G1921144,"ALTAFONTE NETWORK, S.L.",MAWZ MUSIC S.R.L (100%),31/03/2025 - 31/12/2099,2012.0,SI,SI
"Te Extraño, Te Olvido, Te Amo",Y Ahora... Vivo (En Vivo),Los Totora,ES71G1921145,"ALTAFONTE NETWORK, S.L.",MAWZ MUSIC S.R.L (100%),31/03/2025 - 31/12/2099,2012.0,SI,SI
Como Yo Nadie Te Ha Amado,Y Ahora... Vivo (En Vivo),Los Totora,ES71G1921146,"ALTAFONTE NETWORK, S.L.",MAWZ MUSIC S.R.L (100%),31/03/2025 - 31/12/2099,2012.0,SI,SI
Te Vas,Y Ahora... Vivo (En Vivo),Los Totora,ES71G1921147,"ALTAFONTE NETWORK, S.L.",MAWZ MUSIC S.R.L (100%),31/03/2025 - 31/12/2099,2012.0,SI,SI
Mi Amor Prohibido,Y Ahora... Vivo (En Vivo),Los Totora,ES71G1921150,"ALTAFONTE NETWORK, S.L.",MAWZ MUSIC S.R.L (100%),31/03/2025 - 31/12/2099,2012.0,SI,SI
Se Me Va la Voz,Y Ahora... Vivo (En Vivo),Los Totora,ES71G1921149,"ALTAFONTE NETWORK, S.L.",MAWZ MUSIC S.R.L (100%),31/03/2025 - 31/12/2099,2012.0,SI,SI
Yo Me Enamoré,Y Ahora... Vivo (En Vivo),Los Totora,ES71G1921151,"ALTAFONTE NETWORK, S.L.",MAWZ MUSIC S.R.L (100%),31/03/2025 - 31/12/2099,2012.0,SI,SI
Otra Oportunidad,Y Ahora... Vivo (En Vivo),Los Totora,ES71G1921148,"ALTAFONTE NETWORK, S.L.",MAWZ MUSIC S.R.L (100%),31/03/2025 - 31/12/2099,2012.0,SI,SI
Tan Enamorados,Y Ahora... Vivo (En Vivo),Los Totora,ES71G1921152,"ALTAFONTE NETWORK, S.L.",MAWZ MUSIC S.R.L (100%),31/03/2025 - 31/12/2099,2012.0,SI,SI
Bailar Pegados,Y Ahora... Vivo (En Vivo),Los Totora,ES71G1921153,"ALTAFONTE NETWORK, S.L.",MAWZ MUSIC S.R.L (100%),31/03/2025 - 31/12/2099,2012.0,SI,SI
Mujeres,Y Ahora... Vivo (En Vivo),Los Totora,ES71G1921156,"ALTAFONTE NETWORK, S.L.",MAWZ MUSIC S.R.L (100%),31/03/2025 - 31/12/2099,2012.0,SI,SI
Mi Soledad y Yo,Y Ahora... Vivo (En Vivo),Los Totora,ES71G1921154,"ALTAFONTE NETWORK, S.L.",MAWZ MUSIC S.R.L (100%),31/03/2025 - 31/12/2099,2012.0,SI,SI
Mi Historia Entre Tus Dedos,Y Ahora... Vivo (En Vivo),Los Totora,ES71G1921155,"ALTAFONTE NETWORK, S.L.",MAWZ MUSIC S.R.L (100%),31/03/2025 - 31/12/2099,2012.0,SI,SI
Kilómetros,Y Ahora... Vivo (En Vivo),Los Totora,ES71G1921157,"ALTAFONTE NETWORK, S.L.",MAWZ MUSIC S.R.L (100%),31/03/2025 - 31/12/2099,2012.0,SI,SI
No Sé Mañana,Y Ahora... Vivo (En Vivo),Los Totora,ES71G1921159,"ALTAFONTE NETWORK, S.L.",MAWZ MUSIC S.R.L (100%),31/03/2025 - 31/12/2099,2012.0,SI,SI
Estamos Juntos,Y Ahora... Vivo (En Vivo),Los Totora,ES71G1921158,"ALTAFONTE NETWORK, S.L.",MAWZ MUSIC S.R.L (100%),31/03/2025 - 31/12/2099,2012.0,SI,SI
"Fuego de Noche, Nieve de Día",Y Ahora... Vivo (En Vivo),Los Totora,ES71G1921160,"ALTAFONTE NETWORK, S.L.",MAWZ MUSIC S.R.L (100%),31/03/2025 - 31/12/2099,2012.0,SI,SI
Pa Que Mueva la Cocina,El Retutu,El Retutu,ES71G1921225,"ALTAFONTE NETWORK, S.L.",MAWZ MUSIC S.R.L (100%),31/12/2019 - 31/12/2099,2014.0,SI,SI
Tus Ojos Lloran por Amor,El Retutu,El Retutu,ES71G1921226,"ALTAFONTE NETWORK, S.L.",MAWZ MUSIC S.R.L (100%),31/03/2025 - 31/12/2099,2014.0,SI,SI
Cumbia Tiburón,El Retutu,El Retutu,ES71G1921227,"ALTAFONTE NETWORK, S.L.",MAWZ MUSIC S.R.L (100%),31/03/2025 - 31/12/2099,2014.0,SI,SI
Escuchá Lo Que Te Traigo,El Retutu,El Retutu,ES71G1921228,"ALTAFONTE NETWORK, S.L.",MAWZ MUSIC S.R.L (100%),31/03/2025 - 31/12/2099,2014.0,SI,SI
Pintó el Calor,El Retutu,El Retutu,ES71G1921229,"ALTAFONTE NETWORK, S.L.",MAWZ MUSIC S.R.L (100%),31/03/2025 - 31/12/2099,2014.0,SI,SI
Acercate Bandida,El Retutu,El Retutu,ES71G1921230,"ALTAFONTE NETWORK, S.L.",MAWZ MUSIC S.R.L (100%),31/03/2025 - 31/12/2099,2014.0,SI,SI
La Cumbia Sanguchito,El Retutu,El Retutu,ES71G1921231,"ALTAFONTE NETWORK, S.L.",MAWZ MUSIC S.R.L (100%),31/03/2025 - 31/12/2099,2014.0,SI,SI
Hoy Volví a Verte,El Retutu,El Retutu,ES71G1921232,"ALTAFONTE NETWORK, S.L.",MAWZ MUSIC S.R.L (100%),31/03/2025 - 31/12/2099,2014.0,SI,SI
La Chechona,El Retutu,El Retutu,ES71G1921233,"ALTAFONTE NETWORK, S.L.",MAWZ MUSIC S.R.L (100%),31/03/2025 - 31/12/2099,2014.0,SI,SI
Mueve las Pompas,El Retutu,El Retutu,ES71G1921234,"ALTAFONTE NETWORK, S.L.",MAWZ MUSIC S.R.L (100%),31/03/2025 - 31/12/2099,2014.0,SI,SI
Pancito y Atún,El Retutu,El Retutu,ES71G1921235,"ALTAFONTE NETWORK, S.L.",MAWZ MUSIC S.R.L (100%),31/03/2025 - 31/12/2099,2014.0,SI,SI
Entre Humo por Vos,El Retutu,El Retutu,ES71G1921236,"ALTAFONTE NETWORK, S.L.",MAWZ MUSIC S.R.L (100%),31/03/2025 - 31/12/2099,2014.0,SI,SI
Sin Principio Ni Final,El Retutu,El Retutu,ES71G1921237,"ALTAFONTE NETWORK, S.L.",MAWZ MUSIC S.R.L (100%),31/03/2025 - 31/12/2099,2014.0,SI,SI
Si No Le Contesto,El Retutu,El Retutu,ES71G1921238,"ALTAFONTE NETWORK, S.L.",MAWZ MUSIC S.R.L (100%),31/03/2025 - 31/12/2099,2014.0,SI,SI
Presentación / Ni una Sola Palabra / Línea Ocupada,Una Noche en Llamas (En Vivo en la Rioja),La Banda Al Rojo Vivo,ES71G1921522,"ALTAFONTE NETWORK, S.L.",MAWZ MUSIC S.R.L (100%),31/03/2025 - 31/12/2099,2009.0,SI,SI
Te Amo,Una Noche en Llamas (En Vivo en la Rioja),La Banda Al Rojo Vivo,ES71G1921523,"ALTAFONTE NETWORK, S.L.",MAWZ MUSIC S.R.L (100%),31/03/2025 - 31/12/2099,2009.0,SI,SI
Dobe Personalidad / Pídeme la Luna,Una Noche en Llamas (En Vivo en la Rioja),La Banda Al Rojo Vivo,ES71G1921524,"ALTAFONTE NETWORK, S.L.",MAWZ MUSIC S.R.L (100%),31/03/2025 - 31/12/2099,2009.0,SI,SI
Corazón Mágico,Una Noche en Llamas (En Vivo en la Rioja),La Banda Al Rojo Vivo,ES71G1921525,"ALTAFONTE NETWORK, S.L.",MAWZ MUSIC S.R.L (100%),31/03/2025 - 31/12/2099,2009.0,SI,SI
Ojalá Que No Puedas,Una Noche en Llamas (En Vivo en la Rioja),La Banda Al Rojo Vivo,ES71G1921526,"ALTAFONTE NETWORK, S.L.",MAWZ MUSIC S.R.L (100%),31/03/2025 - 31/12/2099,2009.0,SI,SI
Amor Clasificado,Una Noche en Llamas (En Vivo en la Rioja),La Banda Al Rojo Vivo,ES71G1921527,"ALTAFONTE NETWORK, S.L.",MAWZ MUSIC S.R.L (100%),31/03/2025 - 31/12/2099,2009.0,SI,SI
El Universal,Una Noche en Llamas (En Vivo en la Rioja),La Banda Al Rojo Vivo,ES71G1921528,"ALTAFONTE NETWORK, S.L.",MAWZ MUSIC S.R.L (100%),31/03/2025 - 31/12/2099,2009.0,SI,SI
Canción de Despedida,Una Noche en Llamas (En Vivo en la Rioja),La Banda Al Rojo Vivo,ES71G1921529,"ALTAFONTE NETWORK, S.L.",MAWZ MUSIC S.R.L (100%),31/03/2025 - 31/12/2099,2009.0,SI,SI
Me Enamora,Una Noche en Llamas (En Vivo en la Rioja),La Banda Al Rojo Vivo,ES71G1921530,"ALTAFONTE NETWORK, S.L.",MAWZ MUSIC S.R.L (100%),31/03/2025 - 31/12/2099,2009.0,SI,SI
Otro Ocupa Mi Lugar /  Maravillosa Esta Noche,Una Noche en Llamas (En Vivo en la Rioja),La Banda Al Rojo Vivo,ES71G1921537,"ALTAFONTE NETWORK, S.L.",MAWZ MUSIC S.R.L (100%),31/03/2025 - 31/12/2099,2009.0,SI,SI
Te Quiero,Una Noche en Llamas (En Vivo en la Rioja),La Banda Al Rojo Vivo,ES71G1921531,"ALTAFONTE NETWORK, S.L.",MAWZ MUSIC S.R.L (100%),31/03/2025 - 31/12/2099,2009.0,SI,SI
Te Quiero Abrazar Bien Fuerte / la Fiesta Ya Empezó,Una Noche en Llamas (En Vivo en la Rioja),La Banda Al Rojo Vivo,ES71G1921532,"ALTAFONTE NETWORK, S.L.",MAWZ MUSIC S.R.L (100%),31/03/2025 - 31/12/2099,2009.0,SI,SI
Déjame Intentar,Una Noche en Llamas (En Vivo en la Rioja),La Banda Al Rojo Vivo,ES71G1921535,"ALTAFONTE NETWORK, S.L.",MAWZ MUSIC S.R.L (100%),31/03/2025 - 31/12/2099,2009.0,SI,SI
Hacer el Amor Con Otra / Cachetada,Una Noche en Llamas (En Vivo en la Rioja),La Banda Al Rojo Vivo,ES71G1921536,"ALTAFONTE NETWORK, S.L.",MAWZ MUSIC S.R.L (100%),31/03/2025 - 31/12/2099,2009.0,SI,SI
Qué Lloro,Una Noche en Llamas (En Vivo en la Rioja),La Banda Al Rojo Vivo,ES71G1921534,"ALTAFONTE NETWORK, S.L.",MAWZ MUSIC S.R.L (100%),31/03/2025 - 31/12/2099,2009.0,SI,SI
El Avión,Una Noche en Llamas (En Vivo en la Rioja),La Banda Al Rojo Vivo,ES71G1921533,"ALTAFONTE NETWORK, S.L.",MAWZ MUSIC S.R.L (100%),31/03/2025 - 31/12/2099,2009.0,SI,SI
Presentación / Desafío,Déjame Intentar,La Banda Al Rojo Vivo,ES71G1921558,"ALTAFONTE NETWORK, S.L.",MAWZ MUSIC S.R.L (100%),31/03/2025 - 31/12/2099,2019.0,SI,SI
Te Fuiste,Déjame Intentar,La Banda Al Rojo Vivo,ES71G1921559,"ALTAFONTE NETWORK, S.L.",MAWZ MUSIC S.R.L (100%),31/03/2025 - 31/12/2099,2019.0,SI,SI
Corazón Mágico,Déjame Intentar,La Banda Al Rojo Vivo,ES71G1921560,"ALTAFONTE NETWORK, S.L.",MAWZ MUSIC S.R.L (100%),31/03/2025 - 31/12/2099,2019.0,SI,SI
Otro Ocupa Mi Lugar,Déjame Intentar,La Banda Al Rojo Vivo,ES71G1921561,"ALTAFONTE NETWORK, S.L.",MAWZ MUSIC S.R.L (100%),31/03/2025 - 31/12/2099,2019.0,SI,SI
Te Quiero,Déjame Intentar,La Banda Al Rojo Vivo,ES71G1921562,"ALTAFONTE NETWORK, S.L.",MAWZ MUSIC S.R.L (100%),31/03/2025 - 31/12/2099,2019.0,SI,SI
Si Tu Boquita Fuera,Déjame Intentar,La Banda Al Rojo Vivo,ES71G1921563,"ALTAFONTE NETWORK, S.L.",MAWZ MUSIC S.R.L (100%),31/03/2025 - 31/12/2099,2019.0,SI,SI
Déjame Intentar,Déjame Intentar,La Banda Al Rojo Vivo,ES71G1921564,"ALTAFONTE NETWORK, S.L.",MAWZ MUSIC S.R.L (100%),31/03/2025 - 31/12/2099,2019.0,SI,SI
Tú Eres Sexy / Creer en el Alma,Déjame Intentar,La Banda Al Rojo Vivo,ES71G1921565,"ALTAFONTE NETWORK, S.L.",MAWZ MUSIC S.R.L (100%),31/03/2025 - 31/12/2099,2019.0,SI,SI
Desilusioname,Déjame Intentar,La Banda Al Rojo Vivo,ES71G1921566,"ALTAFONTE NETWORK, S.L.",MAWZ MUSIC S.R.L (100%),31/03/2025 - 31/12/2099,2019.0,SI,SI
Celos,Déjame Intentar,La Banda Al Rojo Vivo,ES71G1921569,"ALTAFONTE NETWORK, S.L.",MAWZ MUSIC S.R.L (100%),31/03/2025 - 31/12/2099,2019.0,SI,SI
Ella,Déjame Intentar,La Banda Al Rojo Vivo,ES71G1921568,"ALTAFONTE NETWORK, S.L.",MAWZ MUSIC S.R.L (100%),31/03/2025 - 31/12/2099,2019.0,SI,SI
Si Me Dejan,Déjame Intentar,La Banda Al Rojo Vivo,ES71G1921570,"ALTAFONTE NETWORK, S.L.",MAWZ MUSIC S.R.L (100%),31/03/2025 - 31/12/2099,2019.0,SI,SI
Futura Mamá,Déjame Intentar,La Banda Al Rojo Vivo,ES71G1921571,"ALTAFONTE NETWORK, S.L.",MAWZ MUSIC S.R.L (100%),31/03/2025 - 31/12/2099,2019.0,SI,SI
Apagaré la Luz,Déjame Intentar,La Banda Al Rojo Vivo,ES71G1921572,"ALTAFONTE NETWORK, S.L.",MAWZ MUSIC S.R.L (100%),31/03/2025 - 31/12/2099,2019.0,SI,SI
Solamente Loco,Déjame Intentar,La Banda Al Rojo Vivo,ES71G1921567,"ALTAFONTE NETWORK, S.L.",MAWZ MUSIC S.R.L (100%),31/03/2025 - 31/12/2099,2019.0,SI,SI
Mi Vida Eres Tú / por Qué Será,Déjame Intentar,La Banda Al Rojo Vivo,ES71G1921573,"ALTAFONTE NETWORK, S.L.",MAWZ MUSIC S.R.L (100%),31/03/2025 - 31/12/2099,2019.0,SI,SI
Pingüinos en la Cama,Déjame Intentar,La Banda Al Rojo Vivo,ES71G1921574,"ALTAFONTE NETWORK, S.L.",MAWZ MUSIC S.R.L (100%),31/03/2025 - 31/12/2099,2019.0,SI,SI
Una Vez Más,,"Numa, Lit Killah",QZ22B1937106,PANTER MUSIC,MAWZ MUSIC S.R.L (100%),31/12/2019 - 31/12/2099,2018.0,SI,SI
Hermoso momento,Single,Aprecio de Sangre,ARdl12300034,MAWZ MUSIC S.R.L,MAWZ MUSIC S.R.L (100%),01/01/2020 - 31/12/2099,2023.0,SI,SI
Exijo En Mi,Perfección,Juli Savioli,ARDL12300001,MAWZ MUSIC S.R.L,MAWZ MUSIC S.R.L (100%),14/09/2023 - 31/12/2099,2023.0,SI,SI
4 Paredes,Perfección,Juli Savioli,ARDL12300002,MAWZ MUSIC S.R.L,MAWZ MUSIC S.R.L (100%),14/09/2023 - 31/12/2099,2023.0,SI,SI
Perfección,Perfección,Juli Savioli,ARDL12300003,MAWZ MUSIC S.R.L,MAWZ MUSIC S.R.L (100%),14/09/2023 - 31/12/2099,2023.0,SI,SI
Busca,Perfección,Juli Savioli,ARDL12300004,MAWZ MUSIC S.R.L,MAWZ MUSIC S.R.L (100%),14/09/2023 - 31/12/2099,2023.0,SI,SI
Un Poco Me Gustas,Perfección,Juli Savioli,ARDL12300005,MAWZ MUSIC S.R.L,MAWZ MUSIC S.R.L (100%),14/09/2023 - 31/12/2099,2023.0,SI,SI
Guerra,Guerra,Dj Plaga,ARDL12300019,MAWZ MUSIC S.R.L,MAWZ MUSIC S.R.L (0%),26/09/2023 - 31/12/2099,2023.0,SI,SI
Te Necesito Más,Te Necesito Mas,M Aquí Adonai,ARDL12300020,MAWZ MUSIC S.R.L,MAWZ MUSIC S.R.L (100%),21/09/2023 - 31/12/2099,2023.0,SI,SI
Bienvenidos,A Jugar Cantando,Juli Jones,ARDL12300006,MAWZ MUSIC S.R.L,MAWZ MUSIC S.R.L (100%),08/09/2023 - 31/12/2099,2023.0,SI,SI
La Tortuga Se Me Va,A Jugar Cantando,Juli Jones,ARDL12300007,MAWZ MUSIC S.R.L,MAWZ MUSIC S.R.L (100%),08/09/2023 - 31/12/2099,2023.0,SI,SI
Le Zumba el Mate,A Jugar Cantando,Juli Jones,ARDL12300008,MAWZ MUSIC S.R.L,MAWZ MUSIC S.R.L (100%),08/09/2023 - 31/12/2099,2023.0,SI,SI
El Mono Koko,A Jugar Cantando,Juli Jones,ARDL12300009,MAWZ MUSIC S.R.L,MAWZ MUSIC S.R.L (100%),08/09/2023 - 31/12/2099,2023.0,SI,SI
Pinto Pinto,A Jugar Cantando,Juli Jones,ARDL12300010,MAWZ MUSIC S.R.L,MAWZ MUSIC S.R.L (100%),08/09/2023 - 31/12/2099,2023.0,SI,SI
Vocales,A Jugar Cantando,Juli Jones,ARDL12300011,MAWZ MUSIC S.R.L,MAWZ MUSIC S.R.L (100%),08/09/2023 - 31/12/2099,2023.0,SI,SI
Frutas,A Jugar Cantando,Juli Jones,ARDL12300012,MAWZ MUSIC S.R.L,MAWZ MUSIC S.R.L (100%),08/09/2023 - 31/12/2099,2023.0,SI,SI
Al Final,Amigos que Adoran,A Precio de Sangre,ARDL12300021,MAWZ MUSIC S.R.L,MAWZ MUSIC S.R.L (100%),08/09/2023 - 31/12/2099,2023.0,SI,SI
Eres Mi Dueño,Amigos que Adoran,A Precio de Sangre,ARDL12300022,MAWZ MUSIC S.R.L,MAWZ MUSIC S.R.L (100%),30/09/2023 - 31/12/2099,2023.0,SI,SI
Danzando,Amigos que Adoran,A Precio de Sangre,ARDL12300023,MAWZ MUSIC S.R.L,MAWZ MUSIC S.R.L (100%),30/09/2023 - 31/12/2099,2023.0,SI,SI
Manos Arriba,Amigos que Adoran,A Precio de Sangre,ARDL12300024,MAWZ MUSIC S.R.L,MAWZ MUSIC S.R.L (100%),30/09/2020 - 31/12/2099,2023.0,SI,SI
Yeshua: Quiero conocer a Jesús,Amigos que Adoran,A Precio de Sangre,ARDL12300025,MAWZ MUSIC S.R.L,MAWZ MUSIC S.R.L (100%),30/09/2023 - 31/12/2099,2023.0,SI,SI
Pródigo,Amigos que Adoran,A Precio de Sangre,ARDL12300026,MAWZ MUSIC S.R.L,MAWZ MUSIC S.R.L (100%),30/09/2023 - 31/12/2099,2023.0,SI,SI
No Des Más Vueltas,Amigos que Adoran,A Precio de Sangre,ARDL12300027,MAWZ MUSIC S.R.L,MAWZ MUSIC S.R.L (100%),30/09/2023 - 31/12/2099,2023.0,SI,SI
Amén,Amigos que Adoran,A Precio de Sangre,ARDL12300028,MAWZ MUSIC S.R.L,MAWZ MUSIC S.R.L (100%),30/09/2023 - 31/12/2099,2023.0,SI,SI
Cuerdas de Amor,Amigos que Adoran,A Precio de Sangre,ARDL12300029,MAWZ MUSIC S.R.L,MAWZ MUSIC S.R.L (100%),30/09/2023 - 31/12/2099,2023.0,SI,SI
Voladitos de Colores,A Jugar Cantando,Juli Jones,ARDL12300013,MAWZ MUSIC S.R.L,MAWZ MUSIC S.R.L (100%),08/09/2023 - 31/12/2099,2023.0,SI,SI
The Pogo,,M Aquí Adonai,ARDL12300030,MAWZ MUSIC S.R.L,MAWZ MUSIC S.R.L (100%),21/10/2023 - 31/12/2099,2023.0,SI,SI
Baila,A Jugar Cantando,Juli Jones,ARDL12300014,MAWZ MUSIC S.R.L,MAWZ MUSIC S.R.L (100%),08/09/2023 - 31/12/2099,2023.0,SI,SI
La Araña,A Jugar Cantando,Juli Jones,ARDL12300015,MAWZ MUSIC S.R.L,MAWZ MUSIC S.R.L (100%),08/09/2023 - 31/12/2099,2023.0,SI,SI
Julieta Julieta,A Jugar Cantando,Juli Jones,ARDL12300016,MAWZ MUSIC S.R.L,MAWZ MUSIC S.R.L (100%),08/09/2023 - 31/12/2099,2023.0,SI,SI
Mamá Prestame el Celular,A Jugar Cantando,Juli Jones,ARDL12300017,MAWZ MUSIC S.R.L,MAWZ MUSIC S.R.L (100%),08/09/2023 - 31/12/2099,2023.0,SI,SI
Pick It Up,,Young Las,ARDL12300031,MAWZ MUSIC S.R.L,MAWZ MUSIC S.R.L (100%),01/02/2024 - 31/12/2099,2024.0,SI,SI
Matias Mareco | Misaael: II Entre Ríos,,"Matias Mareco, Misaael",ARDL12300036,MAWZ MUSIC S.R.L,MAWZ MUSIC S.R.L (100%),21/12/2023 - 31/12/2099,2023.0,SI,SI
Sin Ti Jamás,,Corazon Sincero,ARDL12300037,MAWZ MUSIC S.R.L,MAWZ MUSIC S.R.L (100%),14/12/2023 - 31/12/2099,2023.0,SI,SI
Si Tu Supieras,,M Aquí Adonai,ARDL12300038,MAWZ MUSIC S.R.L,MAWZ MUSIC S.R.L (100%),30/12/2023 - 31/12/2099,2023.0,SI,SI
Carta de Despedida,Carta de Despedida,LIT killah,ARS8H2400001,MAWZ MUSIC S.R.L,MAWZ MUSIC S.R.L (100%),27/03/2024 - 31/12/2099,2024.0,SI,SI
Supergirl,Supergirl,Young Las,ARDL12400001,MAWZ MUSIC S.R.L,MAWZ MUSIC S.R.L (100%),21/03/2024 - 31/12/2099,2024.0,SI,SI
Re Ganado,Re Ganado,M AQUI ADONAI,ARDL12400002,MAWZ MUSIC S.R.L,MAWZ MUSIC S.R.L (100%),14/09/2023 - 31/12/2099,2024.0,SI,SI
4 Paredes,Perfección,Juli Savioli,ARDL12400003,MAWZ MUSIC S.R.L,MAWZ MUSIC S.R.L (100%),14/03/2023 - 31/12/2099,2024.0,SI,SI
Exijo En Mi,Perfección,Juli Savioli,ARSH82400002,MAWZ MUSIC S.R.L,MAWZ MUSIC S.R.L (100%),14/09/2023 - 31/12/2099,2024.0,SI,SI
4 Paredes,Perfección,Juli Savioli,ARS8H2400003,MAWZ MUSIC S.R.L,MAWZ MUSIC S.R.L (100%),14/09/2023 - 31/12/2099,2024.0,SI,SI
Un Poco Me Gustas,Perfección,Juli Savioli,ARS8H2400006,MAWZ MUSIC S.R.L,MAWZ MUSIC S.R.L (100%),14/09/2023 - 31/12/2099,2024.0,SI,SI
Busca,Perfección,Juli Savioli,ARS8H2400005,MAWZ MUSIC S.R.L,MAWZ MUSIC S.R.L (100%),14/09/2023 - 31/12/2099,2024.0,SI,SI
Perfección,Perfección,Juli Savioli,ARS8H2400004,MAWZ MUSIC S.R.L,MAWZ MUSIC S.R.L (100%),14/09/2023 - 31/12/2099,2024.0,SI,SI
Pick It Up,Pick It Up,Young Las,ARS8H2400007,MAWZ MUSIC S.R.L,MAWZ MUSIC S.R.L (100%),01/02/2024 - 31/12/2099,2024.0,SI,SI
Supergirl,Supergirl,Young Las,ARS8H2400008,MAWZ MUSIC S.R.L,MAWZ MUSIC S.R.L (100%),21/03/2024 - 31/12/2099,2024.0,SI,SI
Cuernu,Cuernu,Gusty Dj,ARDL12300045,MAWZ MUSIC S.R.L,MAWZ MUSIC S.R.L (100%),27/03/2024 - 31/12/2099,2024.0,SI,SI
Cuernu,Cuernu,Gusty Dj,ARS8H2400009,MAWZ MUSIC S.R.L,MAWZ MUSIC S.R.L (100%),27/03/2024 - 31/12/2099,2024.0,SI,SI
Lúcete,Lúcete,Juli Savioli,ARDL12300040,MAWZ MUSIC S.R.L,MAWZ MUSIC S.R.L (100%),07/03/2024 - 31/12/2099,2024.0,SI,SI
Lúcete,Lúcete,Juli Savioli,ARS8H2400010,MAWZ MUSIC S.R.L,MAWZ MUSIC S.R.L (100%),07/03/2024 - 31/12/2099,2024.0,SI,SI
Sentado En La Esquina - Remix,Sentado En La Esquina - Remix,Dj Plaga,ARDL12300032,MAWZ MUSIC S.R.L,MAWZ MUSIC S.R.L (100%),09/11/2023 - 31/12/2099,2024.0,SI,SI
No Estás,No Estás,Young Las,ARDL12300043,MAWZ MUSIC S.R.L,MAWZ MUSIC S.R.L (100%),01/01/2020 - 31/12/2099,2024.0,SI,SI
El Super Junte RKT,,GUSTY DJ,ARDL12300056,MAWZ MUSIC S.R.L,MAWZ MUSIC S.R.L (100%),01/01/2020 - 31/12/2099,2023.0,SI,SI
TUS DULCES ABRAZOS,TUS DULCES ABRAZOS,GUSTY DJ,QZGLS2474714,MAWZ MUSIC S.R.L,MAWZ MUSIC S.R.L (100%),01/01/2020 - 31/12/2099,2024.0,SI,SI
TUS DULCES ABRAZOS,TUS DULCES ABRAZOS,GUSTY DJ,ARS8H2400020,MAWZ MUSIC S.R.L,MAWZ MUSIC S.R.L (100%),01/01/2020 - 31/12/2099,2024.0,SI,SI
PAPA LUCHON,PAPA LUCHON,EL RETUTU,ARBF32100010,MAWZ MUSIC S.R.L,MAWZ MUSIC S.R.L (100%),01/01/2020 - 31/12/2099,2021.0,SI,SI
mama luchona,mama luchona,EL RETUTU,QZGLS2091504,MAWZ MUSIC S.R.L,MAWZ MUSIC S.R.L (100%),01/01/2020 - 31/12/2099,2021.0,SI,SI
heridas de amor,Heridas de amor,EL RETUTU,ARBF32100009,MAWZ MUSIC S.R.L,MAWZ MUSIC S.R.L (100%),01/01/2020 - 31/12/2099,2021.0,SI,SI
Igual que ayer,Igual que ayer,EL RETUTU,ARBF32100011,MAWZ MUSIC S.R.L,MAWZ MUSIC S.R.L (100%),01/01/2020 - 31/12/2099,2021.0,SI,SI
Tiki tiki,Tiki tiki,Ariel Casco,ARBF32200004,MAWZ MUSIC S.R.L,MAWZ MUSIC S.R.L (100%),01/01/2020 - 31/12/2099,2021.0,SI,SI
"Ni Ahi, Ni Aca, Ni Allá","Ni Ahi, Ni Aca, Ni Allá",DJ PLAGA,QZNJW2376390,MAWZ MUSIC S.R.L,MAWZ MUSIC S.R.L (100%),01/01/2020 - 31/12/2099,2023.0,SI,SI
Matías Mareco | Gonzai: I Buenos Aires,Matías Mareco | Gonzai: I Buenos Aires,"Matias Mareco, Gonzai",QZNJY2387583,MAWZ MUSIC S.R.L,MAWZ MUSIC S.R.L (100%),01/01/2020 - 31/12/2099,2023.0,SI,SI
Chapeo Sessions #1,Chapeo Sessions #1,"Dj Plaga, Tone BRZ",QZNJZ2305987,MAWZ MUSIC S.R.L,MAWZ MUSIC S.R.L (100%),01/01/2020 - 31/12/2099,2023.0,SI,SI
Perreo plaga,Perreo plaga,DJ PLAGA,QZNJZ2396028,MAWZ MUSIC S.R.L,MAWZ MUSIC S.R.L (100%),01/01/2020 - 31/12/2099,2023.0,SI,SI
Wasting Time,Wasting Time,MEDVSA,ARBF32200001,MAWZ MUSIC S.R.L,MAWZ MUSIC S.R.L (100%),01/01/2020 - 31/12/2099,2022.0,SI,SI
Souvenir,Wasting Time,MEDVSA,ARBF32200002,MAWZ MUSIC S.R.L,MAWZ MUSIC S.R.L (100%),01/01/2020 - 31/12/2099,2022.0,SI,SI
Seasons (B-SIDE),Wasting Time,MEDVSA,ARBF32200003,MAWZ MUSIC S.R.L,MAWZ MUSIC S.R.L (100%),01/01/2020 - 31/12/2099,2022.0,SI,SI
Mismo Aire,Mismo Aire,Juli Savioli,ARDL12300058,MAWZ MUSIC S.R.L,MAWZ MUSIC S.R.L (100%),01/01/2020 - 31/12/2099,2024.0,SI,SI
Pide lo que quieras,Pide lo que quieras,Natalia Soledad,ARDL12300053,MAWZ MUSIC S.R.L,MAWZ MUSIC S.R.L (100%),01/01/2020 - 31/12/2099,2024.0,SI,SI
Siempre Camine,Siempre Camine,Natalia Soledad,ARDL12300055,MAWZ MUSIC S.R.L,MAWZ MUSIC S.R.L (100%),01/01/2020 - 31/12/2099,2024.0,SI,SI
Rendida A Tus Pies Jesus,Rendida A Tus Pies Jesus,Natalia Soledad,ARDL12300054,MAWZ MUSIC S.R.L,MAWZ MUSIC S.R.L (100%),01/01/2020 - 31/12/2099,2023.0,SI,SI
Mi Mayor Necesidad,Mi Mayor Necesidad,Natalia Soledad,ARDL12300052,MAWZ MUSIC S.R.L,MAWZ MUSIC S.R.L (100%),01/01/2020 - 31/12/2099,2024.0,SI,SI
Lo Tienes Todo,Lo Tienes Todo,Natalia Soledad,ARDL12300051,MAWZ MUSIC S.R.L,MAWZ MUSIC S.R.L (100%),01/01/2020 - 31/12/2099,2024.0,SI,SI
La Razon de mi Cantar,La Razon de mi Cantar,Natalia Soledad,ARDL12300050,MAWZ MUSIC S.R.L,MAWZ MUSIC S.R.L (100%),01/01/2020 - 31/12/2099,2024.0,SI,SI
La Fe,La Fe,Natalia Soledad,ARDL12300049,MAWZ MUSIC S.R.L,MAWZ MUSIC S.R.L (100%),01/01/2020 - 31/12/2099,2024.0,SI,SI
Espera el Tiempo de Dios,Espera el Tiempo de Dios,Natalia Soledad,ARDL12300048,MAWZ MUSIC S.R.L,MAWZ MUSIC S.R.L (100%),01/01/2020 - 31/12/2099,2024.0,SI,SI
El Que Ama Mi Alma,El Que Ama Mi Alma,Natalia Soledad,ARDL12300047,MAWZ MUSIC S.R.L,MAWZ MUSIC S.R.L (100%),01/01/2020 - 31/12/2099,2024.0,SI,SI
Fluye en Mí (feat. A Precio de Sangre),Fluye en Mí (feat. A Precio de Sangre),Natalia Soledad,ARDL12300046,MAWZ MUSIC S.R.L,MAWZ MUSIC S.R.L (100%),01/01/2020 - 31/12/2099,2024.0,SI,SI
Fluye en mi,Fluye en mi,Natalia Soledad,ARDL12300057,MAWZ MUSIC S.R.L,MAWZ MUSIC S.R.L (100%),01/01/2020 - 31/12/2099,2024.0,SI,SI
Estar Contigo,Estar Contigo,A Precio de Sangre,ARDL12300044,MAWZ MUSIC S.R.L,MAWZ MUSIC S.R.L (100%),01/01/2020 - 31/12/2099,2024.0,SI,SI
Todo Pago,Todo Pago,M AQUI ADONAI,ARDL12300041,MAWZ MUSIC S.R.L,MAWZ MUSIC S.R.L (100%),01/01/2020 - 31/12/2099,2024.0,SI,SI
Amor Regresa,Amor Regresa,CORAZON SINCERO,US3DF2431650,MAWZ MUSIC S.R.L,MAWZ MUSIC S.R.L (100%),01/01/2020 - 31/12/2099,2024.0,SI,SI
Toma Mi Corazón,Toma Mi Corazón,CORAZON SINCERO,US3DF2431655,MAWZ MUSIC S.R.L,MAWZ MUSIC S.R.L (100%),01/01/2020 - 31/12/2099,2024.0,SI,SI
Tan Cerca,Tan Cerca,CORAZON SINCERO,ARDL12300039,MAWZ MUSIC S.R.L,MAWZ MUSIC S.R.L (100%),01/01/2020 - 31/12/2099,2023.0,SI,SI
Los Muros Caen,Los Muros Caen,M AQUI ADONAI,ARDL12300035,MAWZ MUSIC S.R.L,MAWZ MUSIC S.R.L (100%),01/01/2020 - 31/12/2099,2023.0,SI,SI
Ritmo Cachaquero,Ritmo Cachaquero,CORAZON SINCERO,ARDL12300033,MAWZ MUSIC S.R.L,MAWZ MUSIC S.R.L (100%),01/01/2020 - 31/12/2099,2023.0,SI,SI
Me Haces Tanto Bien,Me Haces Tanto Bien,Sol Aleza,QZ5AB2195830,MAWZ MUSIC S.R.L,MAWZ MUSIC S.R.L (100%),01/01/2020 - 31/12/2099,2021.0,SI,SI
Baila Matilda,Baila Matilda,Sol Aleza,QZ5AB2195831,MAWZ MUSIC S.R.L,MAWZ MUSIC S.R.L (100%),01/01/2020 - 31/12/2099,2021.0,SI,SI
La Ramera,La Ramera,Sol Aleza,QZ5AB2195832,MAWZ MUSIC S.R.L,MAWZ MUSIC S.R.L (100%),01/01/2020 - 31/12/2099,2021.0,SI,SI
Me Estoy Enamorando,Me Estoy Enamorando,Sol Aleza,QZ5AB2195833,MAWZ MUSIC S.R.L,MAWZ MUSIC S.R.L (100%),01/01/2020 - 31/12/2099,2021.0,SI,SI
Perrealo Suave,Perrealo Suave,Sol Aleza,QZ5AB2195834,MAWZ MUSIC S.R.L,MAWZ MUSIC S.R.L (100%),01/01/2020 - 31/12/2099,2021.0,SI,SI
Te Equivocaste,Te Equivocaste,Sol Aleza,QZ5AB2195835,MAWZ MUSIC S.R.L,MAWZ MUSIC S.R.L (100%),01/01/2020 - 31/12/2099,2021.0,SI,SI
Nos Volveremos A Ver,Nos Volveremos A Ver,M AQUI ADONAI,ES75E2203568,MAWZ MUSIC S.R.L,MAWZ MUSIC S.R.L (100%),01/01/2020 - 31/12/2099,2023.0,SI,SI
Seguimos Aca,Seguimos Aca,M AQUI ADONAI,ES75E2205435,MAWZ MUSIC S.R.L,MAWZ MUSIC S.R.L (100%),01/01/2020 - 31/12/2099,2023.0,SI,SI
Te Keres Matar,Te Keres Matar,M AQUI ADONAI,ES75E2206503,MAWZ MUSIC S.R.L,MAWZ MUSIC S.R.L (100%),01/01/2020 - 31/12/2099,2023.0,SI,SI
Pegate La Vuelta,Pegate La Vuelta,M AQUI ADONAI,ES75E2206583,MAWZ MUSIC S.R.L,MAWZ MUSIC S.R.L (100%),01/01/2020 - 31/12/2099,2023.0,SI,SI
Se Pico (RKT),Se Pico (RKT),M AQUI ADONAI,ES75E2101248,MAWZ MUSIC S.R.L,MAWZ MUSIC S.R.L (100%),01/01/2020 - 31/12/2099,2023.0,SI,SI
Flama,Flama,M AQUI ADONAI,ES75E2206346,MAWZ MUSIC S.R.L,MAWZ MUSIC S.R.L (100%),01/01/2020 - 31/12/2099,2023.0,SI,SI
Detonao (Original),Detonao (Original),M AQUI ADONAI,ARQIW2214961,MAWZ MUSIC S.R.L,MAWZ MUSIC S.R.L (100%),01/01/2020 - 31/12/2099,2023.0,SI,SI
Si Tu No Estas (Original),Si Tu No Estas (Original),M AQUI ADONAI,ES75E2203623,MAWZ MUSIC S.R.L,MAWZ MUSIC S.R.L (100%),01/01/2020 - 31/12/2099,2023.0,SI,SI
Etiqueta Original,Etiqueta Original,M AQUI ADONAI,ES75E2301535,MAWZ MUSIC S.R.L,MAWZ MUSIC S.R.L (100%),01/01/2020 - 31/12/2099,2023.0,SI,SI
Dale Rosca,Dale Rosca,M AQUI ADONAI,ES75E2201431,MAWZ MUSIC S.R.L,MAWZ MUSIC S.R.L (100%),01/01/2020 - 31/12/2099,2023.0,SI,SI
Al Piso,Al Piso,M AQUI ADONAI,ES75E2300540,MAWZ MUSIC S.R.L,MAWZ MUSIC S.R.L (100%),01/01/2020 - 31/12/2099,2023.0,SI,SI
Re Ganado,Re Ganado,M AQUI ADONAI,ARDL12400004,MAWZ MUSIC S.R.L,MAWZ MUSIC S.R.L (100%),01/01/2020 - 31/12/2099,2024.0,SI,SI
Somos 3,Somos 3,"LIT killah, Nicki Nicole",ARDL12400078,WARNER MUSIC ARGENTINA S.A.,MAWZ MUSIC S.R.L (100%),10/09/2024 - 31/12/2099,2024.0,NO,SI
Noche de Pecados,,Gordo Larvo & ACITx,ARD3Z2400050,KILO MUSIC GROUP(KILO MUSIC GROUP ARGENTINA),MAWZ MUSIC S.R.L (100%),31/12/2024 - 31/12/2099,2025.0,SI,SI
FIAMORE,FIAMORE,LIT killah,ARDL12500011,MAWZ MUSIC S.R.L,MAWZ MUSIC S.R.L (100%),01/01/2019 - 31/12/2099,2025.0,SI,SI
Dresscode,Dresscode,LIT killah ft- Neutro Shorty,ARDL12500034,MAWZ MUSIC S.R.L,MAWZ MUSIC S.R.L (100%),01/01/2020 - 31/12/2099,2025.0,SI,SI
No se me Olvida,No se me Olvida,LIT killah ft Nanpa Básico,BK4DA2539081,MAWZ MUSIC S.R.L,MAWZ MUSIC S.R.L (100%),01/01/2020 - 31/12/2099,2025.0,SI,SI
Agradecido Con Dios,Agradecido Con Dios,M Aquí Adonai,ARDL12400083,MAWZ MUSIC S.R.L,MAWZ MUSIC S.R.L (100%),01/01/2019 - 31/12/2099,2024.0,SI,SI
Descanso en Ti,Descanso en Ti,Altares Worship,ARDL12400082,MAWZ MUSIC S.R.L,MAWZ MUSIC S.R.L (100%),01/01/2019 - 31/12/2099,2024.0,SI,SI
Cumbiuncion,Cumbiuncion,A Precio de Sangre featuring La Base,ARDL12400079,MAWZ MUSIC S.R.L,MAWZ MUSIC S.R.L (100%),01/01/2019 - 31/12/2099,2024.0,SI,SI
Jezabel,Jezabel,M Aquí Adonai,ARDL12400077,MAWZ MUSIC S.R.L,MAWZ MUSIC S.R.L (100%),01/01/2019 - 31/12/2099,2024.0,SI,SI
Un Millon de Sueños,Un Millon de Sueños,DINA,ARDL12400073,MAWZ MUSIC S.R.L,MAWZ MUSIC S.R.L (100%),01/01/2019 - 31/12/2099,2024.0,SI,SI
Ingrata,Ingrata,"LAALODJ, PACOREMIX, Alan SSLK",ARDL12400052,MAWZ MUSIC S.R.L,MAWZ MUSIC S.R.L (100%),01/01/2019 - 31/12/2099,2024.0,SI,SI
Quiero Ser Santo,Quiero Ser Santo,Altares Worship,ARDL12400057,MAWZ MUSIC S.R.L,MAWZ MUSIC S.R.L (100%),01/01/2019 - 31/12/2099,2024.0,SI,SI
Tierra Santa,Tierra Santa,M Aquí Adonai,ARDL12400050,MAWZ MUSIC S.R.L,MAWZ MUSIC S.R.L (100%),01/01/2019 - 31/12/2099,2024.0,SI,SI
Som Som,Som Som,"BUCCI, Fak",ARDL12400056,MAWZ MUSIC S.R.L,MAWZ MUSIC S.R.L (100%),01/01/2019 - 31/12/2099,2024.0,SI,SI
En Intimidad,En Intimidad,Altares Worship,ARDL12400045,MAWZ MUSIC S.R.L,MAWZ MUSIC S.R.L (100%),01/01/2019 - 31/12/2099,2024.0,SI,SI
La Porra Caimanera,La Porra Caimanera,"Yankee Dj, El Combo Loco de Mike Rodriguez, Grupo Kandombe",ARDL12400041,MAWZ MUSIC S.R.L,MAWZ MUSIC S.R.L (100%),01/01/2019 - 31/12/2099,2024.0,SI,SI
Santo Por Siempre,Santo Por Siempre,Altares Worship,ARDL12400039,MAWZ MUSIC S.R.L,MAWZ MUSIC S.R.L (100%),01/01/2019 - 31/12/2099,2024.0,SI,SI
Danzando,Danzando,M Aquí Adonai,ARDL12400033,MAWZ MUSIC S.R.L,MAWZ MUSIC S.R.L (100%),01/01/2019 - 31/12/2099,2024.0,SI,SI
Dale Chispeate,Dale Chispeate,"ManuVe, HDR",ARDL12400030,MAWZ MUSIC S.R.L,MAWZ MUSIC S.R.L (100%),01/01/2019 - 31/12/2099,2024.0,SI,SI
CASINO,CASINO,"ACIT x, good Brusi",ARDL12500042,MAWZ MUSIC S.R.L,MAWZ MUSIC S.R.L (100%),01/01/2019 - 31/12/2099,2025.0,SI,SI
De Lo Más Profundo,De Lo Más Profundo,M Aquí Adonai,ARDL12500041,MAWZ MUSIC S.R.L,MAWZ MUSIC S.R.L (100%),01/01/2019 - 31/12/2099,2025.0,SI,SI
Que Ruja el León,Que Ruja el León,"A Precio de Sangre, Nueva Adoración",ARDL12500040,MAWZ MUSIC S.R.L,MAWZ MUSIC S.R.L (100%),01/01/2019 - 31/12/2099,2025.0,SI,SI
Corazoncito,Corazoncito,"Alan SSLK, PACOREMIX",ARDL12500039,MAWZ MUSIC S.R.L,MAWZ MUSIC S.R.L (100%),01/01/2019 - 31/12/2099,2025.0,SI,SI
TAN DOLIDOS,TAN DOLIDOS,"SoyTiara, Luz Eluney",ARDL12500038,MAWZ MUSIC S.R.L,MAWZ MUSIC S.R.L (100%),01/01/2019 - 31/12/2099,2025.0,SI,SI
La Egresada,La Egresada,"Dj Plaga, Mc Tota, El Turko",ARDL12500037,MAWZ MUSIC S.R.L,MAWZ MUSIC S.R.L (100%),01/01/2019 - 31/12/2099,2025.0,SI,SI
2x1,2x1,"TOTI, Virrshi DJ",ARDL12500036,MAWZ MUSIC S.R.L,MAWZ MUSIC S.R.L (100%),01/01/2019 - 31/12/2099,2025.0,SI,SI
más fina,más fina,SoyTiara,QZNJZ2402780,MAWZ MUSIC S.R.L,MAWZ MUSIC S.R.L (100%),01/01/2019 - 31/12/2099,2025.0,SI,SI
Del Barrio Para el Barrio - Session 1,Del Barrio Para el Barrio - Session 1,El Retutu,ARDL12500035,MAWZ MUSIC S.R.L,MAWZ MUSIC S.R.L (100%),01/01/2019 - 31/12/2099,2025.0,SI,SI
Turrita,Turrita,"Orce, FACUU DJ, Coco Palmer",ARDL12500033,MAWZ MUSIC S.R.L,MAWZ MUSIC S.R.L (100%),01/01/2019 - 31/12/2099,2025.0,SI,SI
Abatido,Abatido,M Aquí Adonai,ARDL12500032,MAWZ MUSIC S.R.L,MAWZ MUSIC S.R.L (100%),01/01/2019 - 31/12/2099,2025.0,SI,SI
Te Voy a Olvidar,Te Voy a Olvidar,"Nicole Fernandez, Cande Gonzalez, Los Byby's and Gusty dj",ARDL12500031,MAWZ MUSIC S.R.L,MAWZ MUSIC S.R.L (100%),01/01/2019 - 31/12/2099,2025.0,SI,SI
ENVUELTO,ENVUELTO,"Dj Plaga, Benji Gramitos",ARDL12500027,MAWZ MUSIC S.R.L,MAWZ MUSIC S.R.L (100%),01/01/2019 - 31/12/2099,2025.0,SI,SI
Te Pensaste,Te Pensaste,Tatum 73,ARDL12500029,MAWZ MUSIC S.R.L,MAWZ MUSIC S.R.L (100%),01/01/2019 - 31/12/2099,2025.0,SI,SI
0.147916666666667,0.147916666666667,"Candu Domínguez, NachOnTheBeat",ARDL12500030,MAWZ MUSIC S.R.L,MAWZ MUSIC S.R.L (100%),01/01/2019 - 31/12/2099,2025.0,SI,SI
Me Erizas la Piel,Me Erizas la Piel,Aneley,ARDL12500026,MAWZ MUSIC S.R.L,MAWZ MUSIC S.R.L (100%),01/01/2019 - 31/12/2099,2025.0,SI,SI
Si Te Da,Si Te Da,Luli Barrios,ARDL12500025,MAWZ MUSIC S.R.L,MAWZ MUSIC S.R.L (100%),01/01/2019 - 31/12/2099,2025.0,SI,SI
Anomis,Anomis,LAALODJ,ARDL12500028,MAWZ MUSIC S.R.L,MAWZ MUSIC S.R.L (100%),01/01/2019 - 31/12/2099,2025.0,SI,SI
Mas Me Das Mas,Mas Me Das Mas,Samuel Peralta,ARDL12500023,MAWZ MUSIC S.R.L,MAWZ MUSIC S.R.L (100%),01/01/2019 - 31/12/2099,2025.0,SI,SI
Te Amo - Bésame,Te Amo - Bésame,A Precio de Sangre featuring Jorge Avila,ARDL12500022,MAWZ MUSIC S.R.L,MAWZ MUSIC S.R.L (100%),01/01/2019 - 31/12/2099,2025.0,SI,SI
ANILLO Y CADENA,ANILLO Y CADENA,SoyTiara,ARDL12500020,MAWZ MUSIC S.R.L,MAWZ MUSIC S.R.L (100%),01/01/2019 - 31/12/2099,2025.0,SI,SI
Tensión,Tensión,"Cande Gonzalez, Agus Padilla, Gusty dj",ARDL12500021,MAWZ MUSIC S.R.L,MAWZ MUSIC S.R.L (100%),01/01/2019 - 31/12/2099,2025.0,SI,SI
Pa La Calle,Pa La Calle,"FACUU DJ, El Joan",ARDL12500017,MAWZ MUSIC S.R.L,MAWZ MUSIC S.R.L (100%),01/01/2019 - 31/12/2099,2025.0,SI,SI
TIK TAK,TIK TAK,"BUCCI, El Doc",ARDL12500019,MAWZ MUSIC S.R.L,MAWZ MUSIC S.R.L (100%),01/01/2019 - 31/12/2099,2025.0,SI,SI
Todo Lo Que Tenga Que Ver Con Vos,Todo Lo Que Tenga Que Ver Con Vos,"Simo Viani, Coco Palmer",ARDL12500016,MAWZ MUSIC S.R.L,MAWZ MUSIC S.R.L (100%),01/01/2019 - 31/12/2099,2025.0,SI,SI
Una Noche de Terror,Una Noche de Terror,Juli Savioli,ARDL12500014,MAWZ MUSIC S.R.L,MAWZ MUSIC S.R.L (100%),01/01/2019 - 31/12/2099,2025.0,SI,SI
BLIN,BLIN,"Biei Postiglioni, Croniko",ARDL12500015,MAWZ MUSIC S.R.L,MAWZ MUSIC S.R.L (100%),01/01/2019 - 31/12/2099,2025.0,SI,SI
Cuatro y Pico,Cuatro y Pico,"PACOREMIX, TOTI, Alan SSLK featuring LAALO DJ",ARDL12500013,MAWZ MUSIC S.R.L,MAWZ MUSIC S.R.L (100%),01/01/2019 - 31/12/2099,2025.0,SI,SI
UNCIÓN EN EL AIRE,UNCIÓN EN EL AIRE,Natalia Soledad feat. David Ezequiel,ARDL12500010,MAWZ MUSIC S.R.L,MAWZ MUSIC S.R.L (100%),01/01/2019 - 31/12/2099,2025.0,SI,SI
Garota,Garota,"TOTI, Coco Palmer",ARDL12500009,MAWZ MUSIC S.R.L,MAWZ MUSIC S.R.L (100%),01/01/2019 - 31/12/2099,2025.0,SI,SI
Tus Cuerdas de Amor,Tus Cuerdas de Amor,A Precio de Sangre featuring Sebastian Mendoza,ARDL12500006,MAWZ MUSIC S.R.L,MAWZ MUSIC S.R.L (100%),01/01/2019 - 31/12/2099,2025.0,SI,SI
Decile a las Demás,Decile a las Demás,Luli Barrios,ARDL12500004,MAWZ MUSIC S.R.L,MAWZ MUSIC S.R.L (100%),01/01/2019 - 31/12/2099,2025.0,SI,SI
ATREVIDA,ATREVIDA,"FACUU DJ, Kaleb Di Masi",ARDL12500005,MAWZ MUSIC S.R.L,MAWZ MUSIC S.R.L (100%),01/01/2019 - 31/12/2099,2025.0,SI,SI
Factos,Factos,FederiKita,ARDL12500003,MAWZ MUSIC S.R.L,MAWZ MUSIC S.R.L (100%),01/01/2019 - 31/12/2099,2025.0,SI,SI
LAVAGIRL,LAVAGIRL,Baby Cue,ARDL12500008,MAWZ MUSIC S.R.L,MAWZ MUSIC S.R.L (100%),01/01/2019 - 31/12/2099,2025.0,SI,SI
Romántico,Romántico,"Coco Palmer, Joaquin Da Rosa",ARDL12500002,MAWZ MUSIC S.R.L,MAWZ MUSIC S.R.L (100%),01/01/2019 - 31/12/2099,2025.0,SI,SI
PA LA PLAYA,PA LA PLAYA,"Panky Desalineado and Nikillo Yb featuring Alan SSLK, ManuVe, Dr Moceton and PACOREMIX",ARDL12500001,MAWZ MUSIC S.R.L,MAWZ MUSIC S.R.L (100%),01/01/2019 - 31/12/2099,2025.0,SI,SI
It's Beginning to Look a Lot Like Christmas,Navidad,DINA,ARDL12400116,MAWZ MUSIC S.R.L,MAWZ MUSIC S.R.L (100%),01/01/2019 - 31/12/2099,2024.0,SI,SI
Holly Jolly Christmas,Navidad,DINA,ARDL12400117,MAWZ MUSIC S.R.L,MAWZ MUSIC S.R.L (100%),01/01/2019 - 31/12/2099,2024.0,SI,SI
Underneath the Tree,Navidad,DINA,ARDL12400118,MAWZ MUSIC S.R.L,MAWZ MUSIC S.R.L (100%),01/01/2019 - 31/12/2099,2024.0,SI,SI
Snowman,Navidad,DINA,ARDL12400119,MAWZ MUSIC S.R.L,MAWZ MUSIC S.R.L (100%),01/01/2019 - 31/12/2099,2024.0,SI,SI
Let it Snow,Navidad,DINA,ARDL12400120,MAWZ MUSIC S.R.L,MAWZ MUSIC S.R.L (100%),01/01/2019 - 31/12/2099,2024.0,SI,SI
Sleigh Ride,Navidad,DINA,ARDL12400121,MAWZ MUSIC S.R.L,MAWZ MUSIC S.R.L (100%),01/01/2019 - 31/12/2099,2024.0,SI,SI
Feliz Navidad,Navidad,DINA,ARDL12400122,MAWZ MUSIC S.R.L,MAWZ MUSIC S.R.L (100%),01/01/2019 - 31/12/2099,2024.0,SI,SI
Jingle Bell Rock,Navidad,DINA,ARDL12400123,MAWZ MUSIC S.R.L,MAWZ MUSIC S.R.L (100%),01/01/2019 - 31/12/2099,2024.0,SI,SI
Rocking Around the Christmas Tree,Navidad,DINA,ARDL12400124,MAWZ MUSIC S.R.L,MAWZ MUSIC S.R.L (100%),01/01/2019 - 31/12/2099,2024.0,SI,SI
All I Want for Christmas Is You,Navidad,DINA,ARDL12400125,MAWZ MUSIC S.R.L,MAWZ MUSIC S.R.L (100%),01/01/2019 - 31/12/2099,2024.0,SI,SI
Last Christmas,Navidad,DINA,ARDL12400126,MAWZ MUSIC S.R.L,MAWZ MUSIC S.R.L (100%),01/01/2019 - 31/12/2099,2024.0,SI,SI
No Puedo Vivir Sin Ti,No Puedo Vivir Sin Ti,A Precio de Sangre featuring Puerto Seguro,ARDL12400115,MAWZ MUSIC S.R.L,MAWZ MUSIC S.R.L (100%),01/01/2019 - 31/12/2099,2024.0,SI,SI
Como Yo,Como Yo,Simo Viani,ARDL12400114,MAWZ MUSIC S.R.L,MAWZ MUSIC S.R.L (100%),01/01/2019 - 31/12/2099,2024.0,SI,SI
Santa Fe,Santa Fe,"M Aqui Adonai, Viru Kumbieron",ARDL12400105,MAWZ MUSIC S.R.L,MAWZ MUSIC S.R.L (100%),01/01/2019 - 31/12/2099,2024.0,SI,SI
La Disco,La Disco,M. Roca,ARDL12400111,MAWZ MUSIC S.R.L,MAWZ MUSIC S.R.L (100%),01/01/2019 - 31/12/2099,2024.0,SI,SI
Kita Virtual,Kita Virtual,FederiKita,ARDL12400112,MAWZ MUSIC S.R.L,MAWZ MUSIC S.R.L (100%),01/01/2019 - 31/12/2099,2024.0,SI,SI
BUM TAM TAM,BUM TAM TAM,"SoyTiara, Coco Palmer",QZW9L2447386,MAWZ MUSIC S.R.L,MAWZ MUSIC S.R.L (100%),01/01/2019 - 31/12/2099,2024.0,SI,SI
TE DA O NO,TE DA O NO,"ManuVe, HERNAN JCP",ARDL12400110,MAWZ MUSIC S.R.L,MAWZ MUSIC S.R.L (100%),01/01/2019 - 31/12/2099,2024.0,SI,SI
Tu bff Favorita,Tu bff Favorita,FederiKita,ARDL12400108,MAWZ MUSIC S.R.L,MAWZ MUSIC S.R.L (100%),01/01/2019 - 31/12/2099,2024.0,SI,SI
Vertigo,Vertigo,DINA,ARDL12400107,MAWZ MUSIC S.R.L,MAWZ MUSIC S.R.L (100%),01/01/2019 - 31/12/2099,2024.0,SI,SI
más cara,más cara,SoyTiara,QZTVM2497188,MAWZ MUSIC S.R.L,MAWZ MUSIC S.R.L (100%),01/01/2019 - 31/12/2099,2024.0,SI,SI
El BM,El BM,Nicole Fernandez,ARDL12400106,MAWZ MUSIC S.R.L,MAWZ MUSIC S.R.L (100%),01/01/2019 - 31/12/2099,2024.0,SI,SI
Nos Escapamos,Nos Escapamos,"Cande Gonzalez, El Joan",ARDL12400104,MAWZ MUSIC S.R.L,MAWZ MUSIC S.R.L (100%),01/01/2019 - 31/12/2099,2024.0,SI,SI
Con Fe,Con Fe,"A Precio de Sangre, La Cumbia del Rey",ARDL12400102,MAWZ MUSIC S.R.L,MAWZ MUSIC S.R.L (100%),01/01/2019 - 31/12/2099,2024.0,SI,SI
PING-PONG,PING-PONG,"TOTI, Preciau",ARDL12400103,MAWZ MUSIC S.R.L,MAWZ MUSIC S.R.L (100%),01/01/2019 - 31/12/2099,2024.0,SI,SI
No Tengas Dudas,No Tengas Dudas,DINA,ARDL12400101,MAWZ MUSIC S.R.L,MAWZ MUSIC S.R.L (100%),01/01/2019 - 31/12/2099,2024.0,SI,SI
El Vaper,El Vaper,"Matias Mareco, Alan SSLK",ARDL12400098,MAWZ MUSIC S.R.L,MAWZ MUSIC S.R.L (100%),01/01/2019 - 31/12/2099,2024.0,SI,SI
La Cumbia de los Cigarrillos,La Cumbia de los Cigarrillos,Yankee Dj,ARDL12400099,MAWZ MUSIC S.R.L,MAWZ MUSIC S.R.L (100%),01/01/2019 - 31/12/2099,2024.0,SI,SI
POR LOS MIOS,POR LOS MIOS,"PACOREMIX, Alan SSLK, Dielo 98 featuring $L Baio, El Coquiito, Kevin Gabriel, Layan, MB, Martian, Betabeatz, Drmoceton, Panky, MD.Chicho",ARDL12400084,MAWZ MUSIC S.R.L,MAWZ MUSIC S.R.L (100%),01/01/2019 - 31/12/2099,2024.0,SI,SI
SI NO ESTÁS,SI NO ESTÁS,Cande Gonzalez,PYC842403156,MAWZ MUSIC S.R.L,MAWZ MUSIC S.R.L (100%),01/01/2019 - 31/12/2099,2024.0,SI,SI
Guerra,Guerra,"Dj Plaga, Tirri La Roca",QZNJZ2386440,MAWZ MUSIC S.R.L,MAWZ MUSIC S.R.L (100%),01/01/2019 - 31/12/2099,2023.0,SI,SI
Tony,Tony,Baby Cue,QZGLM2305011,MAWZ MUSIC S.R.L,MAWZ MUSIC S.R.L (100%),01/01/2019 - 31/12/2099,2023.0,SI,SI
Session en el Barrio #4,Session en el Barrio #4,"GUSTY DJ, SALASTKBRON",QZNJX2292728,MAWZ MUSIC S.R.L,MAWZ MUSIC S.R.L (100%),01/01/2019 - 31/12/2099,2022.0,SI,SI
Session en el Barrio #3,Session en el Barrio #3,"GUSTY DJ, Kaleb Di Masi",QZNJV2237680,MAWZ MUSIC S.R.L,MAWZ MUSIC S.R.L (100%),01/01/2019 - 31/12/2099,2022.0,SI,SI
No Tengo Time,No Tengo Time,Baby Cue,ARDL12500007,MAWZ MUSIC S.R.L,MAWZ MUSIC S.R.L (100%),01/01/2019 - 31/12/2099,2022.0,SI,SI
Session en el Barrio #2,Session en el Barrio #2,"GUSTY DJ, La joaqui",QZHZ62201277,MAWZ MUSIC S.R.L,MAWZ MUSIC S.R.L (100%),01/01/2019 - 31/12/2099,2022.0,SI,SI
Toma 8 Rkt,Toma 8 Rkt,"GUSTY DJ feat. SALASTKBRON, amirto baby, MAXI GEN",QZHZ62243160,MAWZ MUSIC S.R.L,MAWZ MUSIC S.R.L (100%),01/01/2019 - 31/12/2099,2022.0,SI,SI
Session en el Barrio #1,Session en el Barrio #1,"GUSTY DJ, fili wey",QZHZ42284984,MAWZ MUSIC S.R.L,MAWZ MUSIC S.R.L (100%),01/01/2019 - 31/12/2099,2022.0,SI,SI
Perreo Adictivo #1,Perreo Adictivo #1,"GUSTY DJ feat. PAPU DJ, ciro deejay, DJ BRAIAN STYLE",QZHZ42271732,MAWZ MUSIC S.R.L,MAWZ MUSIC S.R.L (100%),01/01/2019 - 31/12/2099,2022.0,SI,SI
Toma 7,Toma 7,"GUSTY DJ, Alejo isakk, R Jota",QZGLS2286514,MAWZ MUSIC S.R.L,MAWZ MUSIC S.R.L (100%),01/01/2019 - 31/12/2099,2022.0,SI,SI
P Rreo Version Rkt,P Rreo Version Rkt,"GUSTY DJ, mambo dj",QZGLS2260666,MAWZ MUSIC S.R.L,MAWZ MUSIC S.R.L (100%),01/01/2019 - 31/12/2099,2022.0,SI,SI
Murga Rkt,Murga Rkt,"GUSTY DJ, Omar Varela",QZNJV2274936,MAWZ MUSIC S.R.L,MAWZ MUSIC S.R.L (100%),01/01/2019 - 31/12/2099,2022.0,SI,SI
Toma 6 Rkt,Toma 6 Rkt,GUSTY DJ,QZFZ32250960,MAWZ MUSIC S.R.L,MAWZ MUSIC S.R.L (100%),01/01/2019 - 31/12/2099,2022.0,SI,SI
Toma 5 (Rkt),Toma 5 (Rkt),GUSTY DJ,QZTAS2190088,MAWZ MUSIC S.R.L,MAWZ MUSIC S.R.L (100%),01/01/2019 - 31/12/2099,2021.0,SI,SI
El Numero Uno Se Fue Con 2 Rkt,El Numero Uno Se Fue Con 2 Rkt,GUSTY DJ,QZNWR2157144,MAWZ MUSIC S.R.L,MAWZ MUSIC S.R.L (100%),01/01/2019 - 31/12/2099,2021.0,SI,SI
Toma 4 Set Rkt,Toma 4 Set Rkt,GUSTY DJ,QZMEQ2104735,MAWZ MUSIC S.R.L,MAWZ MUSIC S.R.L (100%),01/01/2019 - 31/12/2099,2021.0,SI,SI
Toma 3 Set Rkt,Toma 3 Set Rkt,GUSTY DJ,QZK6L2174398,MAWZ MUSIC S.R.L,MAWZ MUSIC S.R.L (100%),01/01/2019 - 31/12/2099,2021.0,SI,SI
Toma 2 Set Rkt,Toma 2 Set Rkt,GUSTY DJ,QZHN72107641,MAWZ MUSIC S.R.L,MAWZ MUSIC S.R.L (100%),01/01/2019 - 31/12/2099,2021.0,SI,SI
Toma 1 Set Live Rkt,Toma 1 Set Live Rkt,GUSTY DJ,QZES62106028,MAWZ MUSIC S.R.L,MAWZ MUSIC S.R.L (100%),01/01/2019 - 31/12/2099,2021.0,SI,SI
Suggar Babi,Suggar Babi,Baby Cue,QZTPX2388267,MAWZ MUSIC S.R.L,MAWZ MUSIC S.R.L (100%),01/01/2019 - 31/12/2099,2021.0,SI,SI
Homenaje a Lisandro Meza,Homenaje a Lisandro Meza,Yankee Dj,ARDL12400127,MAWZ MUSIC S.R.L,MAWZ MUSIC S.R.L (100%),01/01/2019 - 31/12/2099,2024.0,SI,SI
Mi Clan,Mi Clan,"League of Legends, LIT killah",US3DF2408987,MAWZ MUSIC S.R.L,MAWZ MUSIC S.R.L (100%),01/01/2019 - 31/12/2099,2024.0,SI,SI
Te Prestaria Mis Ojos,Te Prestaria Mis Ojos,Juli Savioli,USANG2402075,MAWZ MUSIC S.R.L,MAWZ MUSIC S.R.L (100%),01/01/2019 - 31/12/2099,2024.0,SI,SI
Espinas,Espinas,Juli Savioli,US3DF2497785,MAWZ MUSIC S.R.L,MAWZ MUSIC S.R.L (100%),01/01/2019 - 31/12/2099,2024.0,SI,SI
conociéndote me conocí,conociéndote me conocí,Juli Savioli,USANG2463589,MAWZ MUSIC S.R.L,MAWZ MUSIC S.R.L (100%),01/01/2019 - 31/12/2099,2024.0,SI,SI
Te Escondes,Te Escondes,Juli Savioli,USANG2401082,MAWZ MUSIC S.R.L,MAWZ MUSIC S.R.L (100%),01/01/2019 - 31/12/2099,2024.0,SI,SI
La Danza De La Vieja Escuela,Querias Cumbia?,"Yankee Dj, BatataMix",ARDL12400020,MAWZ MUSIC S.R.L,MAWZ MUSIC S.R.L (100%),01/01/2019 - 31/12/2099,2024.0,SI,SI
Linda Chinita,Querias Cumbia?,"Yankee Dj, Luis Ornelas",ARDL12400010,MAWZ MUSIC S.R.L,MAWZ MUSIC S.R.L (100%),01/01/2019 - 31/12/2099,2024.0,SI,SI
Danza Mara (dub),Querias Cumbia?,Yankee Dj,ARDL12400014,MAWZ MUSIC S.R.L,MAWZ MUSIC S.R.L (100%),01/01/2019 - 31/12/2099,2024.0,SI,SI
Segunda vuelta de Juan Valdez,Querias Cumbia?,"Yankee Dj, Onda Sabanera",ARDL12400008,MAWZ MUSIC S.R.L,MAWZ MUSIC S.R.L (100%),01/01/2019 - 31/12/2099,2024.0,SI,SI
Pinche Cumbion,Querias Cumbia?,Yankee Dj,ARDL12400012,MAWZ MUSIC S.R.L,MAWZ MUSIC S.R.L (100%),01/01/2019 - 31/12/2099,2024.0,SI,SI
El Diario De Un Borracho,Querias Cumbia?,"Yankee Dj, Alberto Brito",ARDL12400017,MAWZ MUSIC S.R.L,MAWZ MUSIC S.R.L (100%),01/01/2019 - 31/12/2099,2024.0,SI,SI
La Cumbia Bacana,Querias Cumbia?,"Yankee Dj, Alberto Brito",ARDL12400022,MAWZ MUSIC S.R.L,MAWZ MUSIC S.R.L (100%),01/01/2019 - 31/12/2099,2024.0,SI,SI
Te Lo Pido Por Favor,Querias Cumbia?,"Yankee Dj, Los Byby's",ARDL12400011,MAWZ MUSIC S.R.L,MAWZ MUSIC S.R.L (100%),01/01/2019 - 31/12/2099,2024.0,SI,SI
El Culpable Soy Yo,Maxi y La Champions Liga,Maxi y La Champions Liga,QM3DF2297132,MAWZ MUSIC S.R.L,MAWZ MUSIC S.R.L (100%),01/01/2019 - 31/12/2099,2013.0,SI,SI
La Cumbia de los Sonidos,Querias Cumbia?,Yankee Dj,ARDL12400016,MAWZ MUSIC S.R.L,MAWZ MUSIC S.R.L (100%),01/01/2019 - 31/12/2099,2024.0,SI,SI
La Cumbia de la Bocinita,Querias Cumbia?,Yankee Dj,ARDL12400024,MAWZ MUSIC S.R.L,MAWZ MUSIC S.R.L (100%),01/01/2019 - 31/12/2099,2024.0,SI,SI
Bailaras,Querias Cumbia?,"Yankee Dj, ExzaCumbia",ARDL12400013,MAWZ MUSIC S.R.L,MAWZ MUSIC S.R.L (100%),01/01/2019 - 31/12/2099,2024.0,SI,SI
El Pescador,Querias Cumbia?,"Yankee Dj, ExzaCumbia",ARDL12400019,MAWZ MUSIC S.R.L,MAWZ MUSIC S.R.L (100%),01/01/2019 - 31/12/2099,2024.0,SI,SI
Su Majestad 2024,Querias Cumbia?,Yankee Dj,ARDL12400009,MAWZ MUSIC S.R.L,MAWZ MUSIC S.R.L (100%),01/01/2019 - 31/12/2099,2024.0,SI,SI
Etiqueta Original,Etiqueta Original,M Aquí Adonai,QM3DF2299364,MAWZ MUSIC S.R.L,MAWZ MUSIC S.R.L (100%),01/01/2019 - 31/12/2099,2023.0,SI,SI
Ladron de Corazones,Querias Cumbia?,"Yankee Dj, La Grilla",ARDL12400015,MAWZ MUSIC S.R.L,MAWZ MUSIC S.R.L (100%),01/01/2019 - 31/12/2099,2024.0,SI,SI
UH LA LA LA - Perreo,UH LA LA LA - Perreo,Matias Mareco,US3DF2473859,MAWZ MUSIC S.R.L,MAWZ MUSIC S.R.L (100%),01/01/2019 - 31/12/2099,2024.0,SI,SI
La Cumbia del Amor,Querias Cumbia?,Yankee Dj,ARDL12400018,MAWZ MUSIC S.R.L,MAWZ MUSIC S.R.L (100%),01/01/2019 - 31/12/2099,2024.0,SI,SI
Supergirl,Supergirl,Young Las,ARDL12300042,MAWZ MUSIC S.R.L,MAWZ MUSIC S.R.L (100%),01/01/2019 - 31/12/2099,2024.0,SI,SI
Levantando Tierra,Querias Cumbia?,"Yankee Dj, La Grilla",ARDL12400023,MAWZ MUSIC S.R.L,MAWZ MUSIC S.R.L (100%),01/01/2019 - 31/12/2099,2024.0,SI,SI
No Estás,No Estás,Young Las,US3DF2421191,MAWZ MUSIC S.R.L,MAWZ MUSIC S.R.L (100%),01/01/2019 - 31/12/2099,2024.0,SI,SI
Mi Amiga,Querias Cumbia?,Yankee Dj,ARDL12400021,MAWZ MUSIC S.R.L,MAWZ MUSIC S.R.L (100%),01/01/2019 - 31/12/2099,2024.0,SI,SI
Me Pica La Cabeza,Me Pica La Cabeza,Juli Jones,ARDL12400027,MAWZ MUSIC S.R.L,MAWZ MUSIC S.R.L (100%),01/01/2019 - 31/12/2099,2024.0,SI,SI
Cumbia Lenta,Querias Cumbia?,Yankee Dj,ARDL12400025,MAWZ MUSIC S.R.L,MAWZ MUSIC S.R.L (100%),01/01/2019 - 31/12/2099,2024.0,SI,SI
Lúcete,Lúcete,Juli Savioli,US3DF2418349,MAWZ MUSIC S.R.L,MAWZ MUSIC S.R.L (100%),01/01/2019 - 31/12/2099,2024.0,SI,SI
En Movimiento,En Movimiento,Juli Jones,ARDL12400028,MAWZ MUSIC S.R.L,MAWZ MUSIC S.R.L (100%),01/01/2019 - 31/12/2099,2024.0,SI,SI
Diabla,Diabla,"Gusty dj, Ezequiel Matthysse",ARDL12500043,MAWZ MUSIC S.R.L,MAWZ MUSIC S.R.L (100%),01/01/2020 - 31/12/2099,2025.0,SI,SI
La Intro,Ascenso,"GUSTY DJ, Fak",QZGLS2526356,MAWZ MUSIC S.R.L,MAWZ MUSIC S.R.L (100%),31/12/2021 - 31/12/2099,2025.0,SI,SI
Divina,Ascenso,"GUSTY DJ, Picky Lejano Oeste, Mike Sn",QZGLS2526357,MAWZ MUSIC S.R.L,MAWZ MUSIC S.R.L (100%),31/12/2021 - 31/12/2099,2025.0,SI,SI
Hechizado,Ascenso,"GUSTY DJ, _zaymi, Flor Gomez",QZGLS2526358,MAWZ MUSIC S.R.L,MAWZ MUSIC S.R.L (100%),31/12/2021 - 31/12/2099,2025.0,SI,SI
Que Se Saque Todo,Ascenso,"GUSTY DJ, Mc Tota",QZGLS2526359,MAWZ MUSIC S.R.L,MAWZ MUSIC S.R.L (100%),31/12/2021 - 31/12/2099,2025.0,SI,SI
Modelito,Ascenso,"GUSTY DJ, Alan SSLK",QZGLS2526360,MAWZ MUSIC S.R.L,MAWZ MUSIC S.R.L (100%),31/12/2021 - 31/12/2099,2025.0,SI,SI
Provoca,Ascenso,"GUSTY DJ, Cande Gonzalez",QZGLS2526361,MAWZ MUSIC S.R.L,MAWZ MUSIC S.R.L (100%),31/12/2021 - 31/12/2099,2025.0,SI,SI
Se Pegó y Lo Sintió,Ascenso,"GUSTY DJ, John Eric",QZGLS2526362,MAWZ MUSIC S.R.L,MAWZ MUSIC S.R.L (100%),31/12/2021 - 31/12/2099,2025.0,SI,SI
Prumm,Ascenso,"GUSTY DJ, Nicky HG",QZGLS2526363,MAWZ MUSIC S.R.L,MAWZ MUSIC S.R.L (100%),31/12/2021 - 31/12/2099,2025.0,SI,SI
Gárgola,Ascenso,"GUSTY DJ, DEL40SUENA0",QZGLS2526364,MAWZ MUSIC S.R.L,MAWZ MUSIC S.R.L (100%),31/12/2021 - 31/12/2099,2025.0,SI,SI
Bobo,Ascenso,"GUSTY DJ, BUCCI, Markos Possi",QZGLS2526365,MAWZ MUSIC S.R.L,MAWZ MUSIC S.R.L (100%),31/12/2021 - 31/12/2099,2025.0,SI,SI
Señora,Ascenso,"GUSTY DJ, CARMELO 49",QZGLS2526366,MAWZ MUSIC S.R.L,MAWZ MUSIC S.R.L (100%),31/12/2021 - 31/12/2099,2025.0,SI,SI
Matemos las Ganas,Ascenso,"GUSTY DJ, HERNAN JCP",QZGLS2526367,MAWZ MUSIC S.R.L,MAWZ MUSIC S.R.L (100%),31/12/2021 - 31/12/2099,2025.0,SI,SI
Mi Amor,Ascenso,"GUSTY DJ, Santy DM",QZGLS2526368,MAWZ MUSIC S.R.L,MAWZ MUSIC S.R.L (100%),31/12/2021 - 31/12/2099,2025.0,SI,SI
Gustos Caros,Ascenso,"GUSTY DJ, Paly",QZGLS2526369,MAWZ MUSIC S.R.L,MAWZ MUSIC S.R.L (100%),31/12/2021 - 31/12/2099,2025.0,SI,SI
Gusty Dj |Jordan23 - Session en el Barrio #9,Gusty Dj |Jordan23 - Session en el Barrio #9,GUSTY DJ feat. el jordan 23,QZNJV2395760,MAWZ MUSIC S.R.L,MAWZ MUSIC S.R.L (100%),31/12/2021 - 31/12/2099,2023.0,SI,SI
GUSTY DJ I Alejo Isakk Session en el Barrio #5,GUSTY DJ I Alejo Isakk Session en el Barrio #5,"GUSTY DJ, Alejo isakk",QZTVM2228870,MAWZ MUSIC S.R.L,MAWZ MUSIC S.R.L (100%),31/12/2021 - 31/12/2099,2022.0,SI,SI
Promo 22 Rkt,Promo 22 Rkt,"GUSTY DJ, DJ Pirata",QZTPX2212313,MAWZ MUSIC S.R.L,MAWZ MUSIC S.R.L (100%),31/12/2021 - 31/12/2099,2022.0,SI,SI
Gusty DJ |Ecko - Session en el Barrio #7,Gusty DJ |Ecko - Session en el Barrio #7,"GUSTY DJ, Ecko",QZW9M2276951,MAWZ MUSIC S.R.L,MAWZ MUSIC S.R.L (100%),31/12/2021 - 31/12/2099,2022.0,SI,SI
Session en el Barrio #13,Session en el Barrio #13,"GUSTY DJ, elaggume",ARDL12400048,MAWZ MUSIC S.R.L,MAWZ MUSIC S.R.L (100%),31/12/2021 - 31/12/2099,2024.0,SI,SI
Session en el Barrio #11,Session en el Barrio #11,"GUSTY DJ, IAMNAZAG",QZTPX2314725,MAWZ MUSIC S.R.L,MAWZ MUSIC S.R.L (100%),31/12/2021 - 31/12/2099,2023.0,SI,SI
Gusty Dj |L Gante - Session en el Barrio #8,Gusty Dj |L Gante - Session en el Barrio #8,"GUSTY DJ, L-Gante",QZ5AB2367350,MAWZ MUSIC S.R.L,MAWZ MUSIC S.R.L (100%),31/12/2021 - 31/12/2099,2023.0,SI,SI
¿Y pa la Wacha Loca? (con Salastkbron),¿Y pa la Wacha Loca? (con Salastkbron),"GUSTY DJ, La joaqui, L-gante feat. SALASTKBRON",US7VG2306659,MAWZ MUSIC S.R.L,MAWZ MUSIC S.R.L (100%),31/12/2021 - 31/12/2099,2023.0,SI,SI
El Motorcito,El Motorcito,"GUSTY DJ, LOLO OG, DobleP",QZGLS2314303,MAWZ MUSIC S.R.L,MAWZ MUSIC S.R.L (100%),31/12/2021 - 31/12/2099,2023.0,SI,SI
Novio Nuevo,Novio Nuevo,"GUSTY DJ, Peipper, Ecko feat. elaggume",ARDL12400113,MAWZ MUSIC S.R.L,MAWZ MUSIC S.R.L (100%),31/12/2021 - 31/12/2099,2024.0,SI,SI
Session en el Barrio #14,Session en el Barrio #14,"GUSTY DJ, Ponte Perro",ARDL12400075,MAWZ MUSIC S.R.L,MAWZ MUSIC S.R.L (100%),31/12/2021 - 31/12/2099,2024.0,SI,SI
Los reyes del perreo,Los reyes del perreo,"GUSTY DJ, ROZE OFICIAL",QZNJY2358745,MAWZ MUSIC S.R.L,MAWZ MUSIC S.R.L (100%),31/12/2021 - 31/12/2099,2023.0,SI,SI
El Super Junte Rkt,El Super Junte Rkt,"GUSTY DJ, SALASTKBRON, callejero fino feat. Alejo isakk, R Jota, L-Gante, LOLO OG, DobleP, LAUTY GRAM",QZW9L2346202,MAWZ MUSIC S.R.L,MAWZ MUSIC S.R.L (100%),31/12/2021 - 31/12/2099,2023.0,SI,SI
Gusty Dj |Tirri la Roca - Session en el Barrio #6,Gusty Dj |Tirri la Roca - Session en el Barrio #6,"GUSTY DJ, Tirri La Roca",QZW9M2213901,MAWZ MUSIC S.R.L,MAWZ MUSIC S.R.L (100%),31/12/2021 - 31/12/2099,2022.0,SI,SI
Heridas,Heridas,Luli Barrios,ARDL12500047,MAWZ MUSIC S.R.L,MAWZ MUSIC S.R.L (100%),31/12/2021 - 31/12/2099,2025.0,SI,SI
Session en el Barrio #15,Session en el Barrio #15,"Gusty dj, Ezequiel Matthysse",ARDL12500048,MAWZ MUSIC S.R.L,MAWZ MUSIC S.R.L (100%),01/01/2020 - 31/12/2099,2025.0,SI,SI
Amor De Adolescentes / No Podré Olvidarme De Ti,Amor De Adolescentes / No Podré Olvidarme De Ti,"Grupo Red, Lolo OG, Nicole Fernandez",ARDL12500051,MAWZ MUSIC S.R.L,MAWZ MUSIC S.R.L (100%),01/01/2020 - 31/12/2099,2025.0,SI,SI
MAMI TE JURO - PERREO TH,MAMI TE JURO - PERREO TH,"FACUU DJ, mamiyosoyelth",ARDL12500053,MAWZ MUSIC S.R.L,MAWZ MUSIC S.R.L (100%),01/01/2020 - 31/12/2099,2025.0,SI,SI
¿QUIEN SOY?,¿QUIEN SOY?,Alexis Benjamin,ARDL12500052,MAWZ MUSIC S.R.L,MAWZ MUSIC S.R.L (100%),01/01/2019 - 31/12/2099,2025.0,SI,SI
Tu Último Baile,Tu Último Baile,Candu Domínguez,ARDL12500050,MAWZ MUSIC S.R.L,MAWZ MUSIC S.R.L (100%),01/01/2019 - 31/12/2099,2025.0,SI,SI
La Despedida,La Despedida,"LIT killah, Gera MX",ARDL12500055,MAWZ MUSIC S.R.L,MAWZ MUSIC S.R.L (100%),01/01/2019 - 31/12/2099,2025.0,SI,SI
Por Ese Hombre,Por Ese Hombre,"Aneley, Maxi Espindola, Valen",ARDL12500056,MAWZ MUSIC S.R.L,MAWZ MUSIC S.R.L (100%),01/01/2019 - 31/12/2099,2025.0,SI,SI
FAKROOM#1 BANDIDA,FAKROOM#1 BANDIDA,Fak,ARDL12500057,MAWZ MUSIC S.R.L,MAWZ MUSIC S.R.L (100%),01/01/2019 - 31/12/2099,2025.0,SI,SI
PERREO TH 7,PERREO TH 7,"Dj Plaga, mamiyosoyelth",ARDL12500058,MAWZ MUSIC S.R.L,MAWZ MUSIC S.R.L (100%),01/01/2019 - 31/12/2099,2025.0,SI,SI
Por Qué Tú,Por Qué Tú,Candu Domínguez,ARDL12500059,MAWZ MUSIC S.R.L,MAWZ MUSIC S.R.L (100%),01/01/2019 - 31/12/2099,2025.0,SI,SI
BLAN BLAN,BLAN BLAN,"Mandale Flow, GABI SRB, Tirri La Roca",ARDL12500060,MAWZ MUSIC S.R.L,MAWZ MUSIC S.R.L (100%),01/01/2019 - 31/12/2099,2025.0,SI,SI
Ambiciosa,Ambiciosa,Dj Plaga|Orce|Dvann|NAKING NK,QZTVM2362410,MAWZ MUSIC S.R.L,MAWZ MUSIC S.R.L (100%),01/01/2019 - 31/12/2099,2023.0,NO,SI
La Peligrosa,La Peligrosa,Dj Plaga|Tone BRZ featuring NAKING NK and Titan 13,QZW9L2350315,MAWZ MUSIC S.R.L,MAWZ MUSIC S.R.L (100%),01/01/2019 - 31/12/2099,2025.0,NO,SI
Rebolea Remix,Rebolea Remix,Bianca Lif,ARDL12400007,MAWZ MUSIC S.R.L,MAWZ MUSIC S.R.L (100%),01/01/2019 - 31/12/2099,2024.0,NO,SI
Movimento,Movimento,Dj Plaga|Mc Tota,QZW9L2430233,MAWZ MUSIC S.R.L,MAWZ MUSIC S.R.L (100%),01/01/2019 - 31/12/2099,2025.0,NO,SI
Atraco,Atraco,Dj Plaga|Mc Tota|Paly,US7VG2539419,MAWZ MUSIC S.R.L,MAWZ MUSIC S.R.L (100%),01/01/2019 - 31/12/2099,2025.0,NO,SI
Funky Rocho,Funky Rocho,Dj Plaga|Mc Tota|Ponte Perro,US7VG2525782,MAWZ MUSIC S.R.L,MAWZ MUSIC S.R.L (100%),01/01/2019 - 31/12/2099,2025.0,NO,SI
Hola,Hola,"Emiliano Nahuel featuring Sebiche, El Osito Wito and Music Quality",QZDA62528136,MAWZ MUSIC S.R.L,MAWZ MUSIC S.R.L (100%),01/01/2019 - 31/12/2099,2025.0,NO,SI
Eu Quero 4,Eu Quero 4,Dj Plaga|Mc Tota|John Eric,QZGLS2518430,MAWZ MUSIC S.R.L,MAWZ MUSIC S.R.L (100%),01/01/2019 - 31/12/2099,2025.0,NO,SI
Guarache,Guarache,Dj Plaga|John Eric|Santiago Berrio,ARDL12500061,MAWZ MUSIC S.R.L,MAWZ MUSIC S.R.L (100%),01/01/2019 - 31/12/2099,2025.0,NO,SI
Eu Voce,Eu Voce,Orce|Dj Plaga|Mc Tota featuring Paly|Lit White,ARDL12500064,MAWZ MUSIC S.R.L,MAWZ MUSIC S.R.L (100%),01/01/2019 - 31/12/2099,2025.0,NO,SI
"Lo Que Pasó, Pasó","Lo Que Pasó, Pasó",El Retutu,ARDL12500062,MAWZ MUSIC S.R.L,MAWZ MUSIC S.R.L (100%),01/01/2019 - 31/12/2099,2025.0,NO,SI
Sola Con Mi Soledad,Sola Con Mi Soledad,Grupo La IA,ARDL12500063,MAWZ MUSIC S.R.L,MAWZ MUSIC S.R.L (100%),01/01/2019 - 31/12/2099,2025.0,NO,SI
Soñadores,Soñadores,El Mendo,ARDL12500065,MAWZ MUSIC S.R.L,MAWZ MUSIC S.R.L (100%),01/01/2019 - 31/12/2099,2025.0,NO,SI
Teníamos Menos,Teníamos Menos,Gusty dj|R Jota|Callejero Fino,ARDL12500066,MAWZ MUSIC S.R.L,MAWZ MUSIC S.R.L (100%),01/01/2019 - 31/12/2099,2025.0,NO,SI
Tumbalakatumba - Remix,Tumbalakatumba - Remix,Dj Plaga|Mc Tota|El Turko|mamiyosoyelth,ARDL12500071,MAWZ MUSIC S.R.L,MAWZ MUSIC S.R.L (100%),01/01/2019 - 31/12/2099,2025.0,NO,SI
Amala,Amala,Grupo La IA,ARDL12500075,MAWZ MUSIC S.R.L,MAWZ MUSIC S.R.L (100%),01/01/2019 - 31/12/2099,2025.0,NO,SI
Session Funk - TOTI x FACUU DJ,Session Funk - TOTI x FACUU DJ,TOTI|FACUU DJ,ARDL12500072,MAWZ MUSIC S.R.L,MAWZ MUSIC S.R.L (100%),01/01/2019 - 31/12/2099,2025.0,NO,SI
Amor Gitano,Amor Gitano,Cande Gonzalez,ARDL12500082,MAWZ MUSIC S.R.L,MAWZ MUSIC S.R.L (100%),01/01/2019 - 31/12/2099,2025.0,NO,SI
Amigos No Por Favor,Amigos No Por Favor,Aneley|Coty Hernández,ARDL12500084,MAWZ MUSIC S.R.L,MAWZ MUSIC S.R.L (100%),01/01/2019 - 31/12/2099,2025.0,NO,SI
Estadio Set,Estadio Set,Nicole Fernandez,ARDL12500087,MAWZ MUSIC S.R.L,MAWZ MUSIC S.R.L (100%),01/01/2019 - 31/12/2099,2025.0,NO,SI
Qué Ironía,Qué Ironía,Candu Dominguez|Fak,ARDL12500089,MAWZ MUSIC S.R.L,MAWZ MUSIC S.R.L (100%),01/01/2019 - 31/12/2099,2025.0,NO,SI
Como El Agua,Como El Agua,ACIT x,ARDL12500091,MAWZ MUSIC S.R.L,MAWZ MUSIC S.R.L (100%),01/01/2019 - 31/12/2099,2025.0,NO,SI
Ese Cu Tiene Poderes,Ese Cu Tiene Poderes,FACUU DJ|Paly|Mc Tota,ARDL12500092,MAWZ MUSIC S.R.L,MAWZ MUSIC S.R.L (100%),01/01/2019 - 31/12/2099,2025.0,NO,SI
FAZER AMOR,FAZER AMOR,Aneley|Josué Bom de Faixa|Gusty dj,AEA3A2625376,MAWZ MUSIC S.R.L,MAWZ MUSIC S.R.L (100%),01/01/2019 - 31/12/2099,2026.0,NO,SI
Sentaita,Sentaita,Bianca Lif|Lucas Cash,AEA3A2699675,MAWZ MUSIC S.R.L,MAWZ MUSIC S.R.L (100%),01/01/2019 - 31/12/2099,2026.0,NO,SI
LLEGÓ EL VERANO,LLEGÓ EL VERANO,FACUU DJ|Mc Tota,ARDL12600002,MAWZ MUSIC S.R.L,MAWZ MUSIC S.R.L (100%),01/01/2019 - 31/12/2099,2026.0,NO,SI
Procuro Olvidarte,Procuro Olvidarte,Valen|Rocío Quiroz|Los Nocheros|Nicole Fernandez,ARDL12500090,MAWZ MUSIC S.R.L,MAWZ MUSIC S.R.L (100%),01/01/2019 - 31/12/2099,2026.0,NO,SI
